date,type,qte,pgmin,pgmax,pdmin,pdmax
2022-10-21,clémentine,0.8,3500,3500,4500,4500
2022-10-21,maltaise,0.0,0,0,0,0
2022-10-21,thomson,0.0,0,0,0,0
2022-10-21,pommes ,4.1,1700,4000,2500,6000
2022-10-20,clémentine,0.7,3000,3500,4000,4500
2022-10-20,maltaise,0.0,0,0,0,0
2022-10-20,thomson,0.0,0,0,0,0
2022-10-20,pommes ,5.3,1700,4000,2500,6000
2022-10-19,clémentine,0.7,3500,3500,4500,4500
2022-10-19,maltaise,0.0,0,0,0,0
2022-10-19,thomson,0.0,0,0,0,0
2022-10-19,pommes ,4.3,1500,4000,2500,6000
2022-10-18,pommes ,3.7,1000,4270,2000,6000
2022-10-18,clémentine,0.0,0,0,0,0
2022-10-18,maltaise,0.0,0,0,0,0
2022-10-18,thomson,0.0,0,0,0,0
2022-10-13,pommes ,5.4,600,4300,1500,5500
2022-10-13,clémentine,0.0,0,0,0,0
2022-10-13,maltaise,0.0,0,0,0,0
2022-10-13,thomson,0.0,0,0,0,0
2022-10-12,pommes ,6.1,400,4000,1000,5500
2022-10-12,clémentine,0.0,0,0,0,0
2022-10-12,maltaise,0.0,0,0,0,0
2022-10-12,thomson,0.0,0,0,0,0
2022-10-11,thomson,0.0,0,0,0,0
2022-10-11,maltaise,0.0,0,0,0,0
2022-10-11,clémentine,0.0,0,0,0,0
2022-10-11,pommes ,7.7,400,4000,1000,6000
2022-10-10,pommes ,9.6,400,4000,1000,6000
2022-10-10,clémentine,0.0,0,0,0,0
2022-10-10,maltaise,0.0,0,0,0,0
2022-10-10,thomson,0.0,0,0,0,0
2022-10-07,pommes ,8.5,1200,5000,2000,6500
2022-10-07,clémentine,0.0,0,0,0,0
2022-10-07,maltaise,0.0,0,0,0,0
2022-10-07,thomson,0.0,0,0,0,0
2022-10-06,thomson,0.0,0,0,0,0
2022-10-06,maltaise,0.0,0,0,0,0
2022-10-06,clémentine,0.0,0,0,0,0
2022-10-06,pommes ,3.7,2000,4600,2500,6000
2022-10-05,pommes ,4.7,1500,4300,2200,6000
2022-10-05,clémentine,0.0,0,0,0,0
2022-10-05,maltaise,0.0,0,0,0,0
2022-10-05,thomson,0.0,0,0,0,0
2022-10-04,pommes ,4.3,1000,4200,2000,6000
2022-10-04,clémentine,0.0,0,0,0,0
2022-10-04,maltaise,0.0,0,0,0,0
2022-10-04,thomson,0.0,0,0,0,0
2022-10-03,pommes ,5.5,700,4000,1500,5000
2022-10-03,clémentine,0.0,0,0,0,0
2022-10-03,maltaise,0.0,0,0,0,0
2022-10-03,thomson,0.0,0,0,0,0
2022-09-30,pommes ,5.5,700,4000,1500,5000
2022-09-30,clémentine,0.0,0,0,0,0
2022-09-30,maltaise,0.0,0,0,0,0
2022-09-30,thomson,0.0,0,0,0,0
2022-09-29,pommes ,2.2,500,3800,1000,5000
2022-09-29,clémentine,0.0,0,0,0,0
2022-09-29,maltaise,0.0,0,0,0,0
2022-09-29,thomson,0.0,0,0,0,0
2022-09-28,pommes ,6.3,530,4500,1000,6000
2022-09-28,clémentine,0.0,0,0,0,0
2022-09-28,maltaise,0.0,0,0,0,0
2022-09-28,thomson,0.0,0,0,0,0
2022-09-27,thomson,0.0,0,0,0,0
2022-09-27,maltaise,0.0,0,0,0,0
2022-09-27,clémentine,0.0,0,0,0,0
2022-09-27,pommes ,5.6,500,4500,1000,6000
2022-09-26,pommes ,7.5,500,4500,1000,6000
2022-09-26,clémentine,0.0,0,0,0,0
2022-09-26,maltaise,0.0,0,0,0,0
2022-09-26,thomson,0.0,0,0,0,0
2022-09-23,pommes ,8.5,600,3800,1000,4800
2022-09-23,clémentine,0.0,0,0,0,0
2022-09-23,maltaise,0.0,0,0,0,0
2022-09-23,thomson,0.0,0,0,0,0
2022-09-22,pommes ,5.6,480,3500,1000,4500
2022-09-22,clémentine,0.0,0,0,0,0
2022-09-22,maltaise,0.0,0,0,0,0
2022-09-22,thomson,0.0,0,0,0,0
2022-09-21,pommes ,4.6,800,3500,1500,4500
2022-09-21,clémentine,0.0,0,0,0,0
2022-09-21,maltaise,0.0,0,0,0,0
2022-09-21,thomson,0.0,0,0,0,0
2022-09-20,pommes ,4.9,550,4000,1500,5500
2022-09-20,clémentine,0.0,0,0,0,0
2022-09-20,maltaise,0.0,0,0,0,0
2022-09-20,thomson,0.0,0,0,0,0
2022-09-19,pommes ,4.6,500,4000,1500,5500
2022-09-19,clémentine,0.0,0,0,0,0
2022-09-19,maltaise,0.0,0,0,0,0
2022-09-19,thomson,0.0,0,0,0,0
2022-09-16,pommes ,6.6,400,3500,1000,5000
2022-09-16,clémentine,0.0,0,0,0,0
2022-09-16,maltaise,0.0,0,0,0,0
2022-09-16,thomson,0.0,0,0,0,0
2022-09-15,pommes ,4.7,1200,2500,2000,4500
2022-09-15,clémentine,0.0,0,0,0,0
2022-09-15,maltaise,0.0,0,0,0,0
2022-09-15,thomson,0.0,0,0,0,0
2022-09-13,pommes ,5.5,1000,3000,2000,4800
2022-09-13,clémentine,0.0,0,0,0,0
2022-09-13,maltaise,0.0,0,0,0,0
2022-09-13,thomson,0.0,0,0,0,0
2022-09-12,pommes ,10.4,500,3000,1000,5000
2022-09-12,clémentine,0.0,0,0,0,0
2022-09-12,maltaise,0.0,0,0,0,0
2022-09-12,thomson,0.0,0,0,0,0
2022-09-09,pommes ,8.0,1500,2800,2500,5000
2022-09-09,clémentine,0.0,0,0,0,0
2022-09-09,maltaise,0.0,0,0,0,0
2022-09-09,thomson,0.0,0,0,0,0
2022-09-08,pommes ,7.5,1000,2800,2000,4500
2022-09-08,clémentine,0.0,0,0,0,0
2022-09-08,maltaise,0.0,0,0,0,0
2022-09-08,thomson,0.0,0,0,0,0
2022-09-07,pommes ,5.5,1000,3500,2000,4000
2022-09-07,clémentine,0.0,0,0,0,0
2022-09-07,maltaise,0.0,0,0,0,0
2022-09-07,thomson,0.0,0,0,0,0
2022-09-06,pommes ,4.6,1300,3500,2500,4500
2022-09-06,clémentine,0.0,0,0,0,0
2022-09-06,maltaise,0.0,0,0,0,0
2022-09-06,thomson,0.0,0,0,0,0
2022-09-05,pommes ,7.0,1500,3500,2500,4500
2022-09-05,clémentine,0.0,0,0,0,0
2022-09-05,maltaise,0.0,0,0,0,0
2022-09-05,thomson,0.0,0,0,0,0
2022-08-12,pommes ,7.5,2000,3300,3000,5500
2022-08-12,clémentine,0.0,0,0,0,0
2022-08-12,maltaise,0.0,0,0,0,0
2022-08-12,thomson,0.0,0,0,0,0
2022-08-11,pommes ,5.0,2000,3500,3000,5500
2022-08-11,clémentine,0.0,0,0,0,0
2022-08-11,maltaise,0.0,0,0,0,0
2022-08-11,thomson,0.0,0,0,0,0
2022-08-10,pommes ,3.5,2200,3200,3500,5500
2022-08-10,clémentine,0.0,0,0,0,0
2022-08-10,maltaise,0.0,0,0,0,0
2022-08-10,thomson,0.0,0,0,0,0
2022-08-09,pommes ,4.0,2000,2800,3000,3500
2022-08-09,clémentine,0.0,0,0,0,0
2022-08-09,maltaise,0.0,0,0,0,0
2022-08-09,thomson,0.0,0,0,0,0
2022-08-08,pommes ,5.9,1800,2800,2500,3500
2022-08-08,clémentine,0.0,0,0,0,0
2022-08-08,maltaise,0.0,0,0,0,0
2022-08-08,thomson,0.0,0,0,0,0
2022-08-05,pommes ,5.3,2000,3000,2700,4000
2022-08-05,clémentine,0.0,0,0,0,0
2022-08-05,maltaise,0.0,0,0,0,0
2022-08-05,thomson,0.0,0,0,0,0
2022-08-04,pommes ,3.5,2200,2800,3000,4000
2022-08-04,clémentine,0.0,0,0,0,0
2022-08-04,maltaise,0.0,0,0,0,0
2022-08-04,thomson,0.0,0,0,0,0
2022-08-03,pommes ,3.2,1700,2500,2500,3500
2022-08-03,clémentine,0.0,0,0,0,0
2022-08-03,maltaise,0.0,0,0,0,0
2022-08-03,thomson,0.0,0,0,0,0
2022-08-02,pommes ,4.2,1500,2500,2500,3500
2022-08-02,clémentine,0.0,0,0,0,0
2022-08-02,maltaise,0.0,0,0,0,0
2022-08-02,thomson,0.0,0,0,0,0
2022-08-01,pommes ,3.6,1500,2800,2500,4000
2022-08-01,clémentine,0.0,0,0,0,0
2022-08-01,maltaise,0.0,0,0,0,0
2022-08-01,thomson,0.0,0,0,0,0
2022-07-29,thomson,0.0,0,0,0,0
2022-07-29,maltaise,0.0,0,0,0,0
2022-07-29,clémentine,0.0,0,0,0,0
2022-07-29,pommes ,7.7,2000,3000,3500,4000
2022-07-28,thomson,0.0,0,0,0,0
2022-07-28,maltaise,0.0,0,0,0,0
2022-07-28,clémentine,0.0,0,0,0,0
2022-07-28,pommes ,4.4,1500,3000,2000,4000
2022-07-27,thomson,0.0,0,0,0,0
2022-07-27,maltaise,0.0,0,0,0,0
2022-07-27,clémentine,0.0,0,0,0,0
2022-07-27,pommes ,7.0,1100,2500,2000,3500
2022-07-26,thomson,0.0,0,0,0,0
2022-07-26,maltaise,0.0,0,0,0,0
2022-07-26,clémentine,0.0,0,0,0,0
2022-07-26,pommes ,7.0,1100,2500,2000,3500
2022-07-22,thomson,0.0,0,0,0,0
2022-07-22,maltaise,0.0,0,0,0,0
2022-07-22,clémentine,0.0,0,0,0,0
2022-07-22,pommes ,6.5,1500,2500,2500,3500
2022-07-20,thomson,0.0,0,0,0,0
2022-07-20,maltaise,0.0,0,0,0,0
2022-07-20,clémentine,0.0,0,0,0,0
2022-07-20,pommes ,6.0,1000,2500,1000,3500
2022-07-19,thomson,0.0,0,0,0,0
2022-07-19,maltaise,0.0,0,0,0,0
2022-07-19,clémentine,0.0,0,0,0,0
2022-07-19,pommes ,4.4,1500,2800,2000,3500
2022-07-18,thomson,0.0,0,0,0,0
2022-07-18,maltaise,0.0,0,0,0,0
2022-07-18,clémentine,0.0,0,0,0,0
2022-07-18,pommes ,6.0,1000,2400,2000,3500
2022-07-15,thomson,0.0,0,0,0,0
2022-07-15,maltaise,0.0,0,0,0,0
2022-07-15,clémentine,0.0,0,0,0,0
2022-07-15,pommes ,4.5,1500,2000,2000,3000
2022-07-14,thomson,0.0,0,0,0,0
2022-07-14,maltaise,0.0,0,0,0,0
2022-07-14,clémentine,0.0,0,0,0,0
2022-07-14,pommes ,3.0,2000,2700,2500,3500
2022-07-13,thomson,0.0,0,0,0,0
2022-07-13,maltaise,0.0,0,0,0,0
2022-07-13,clémentine,0.0,0,0,0,0
2022-07-13,pommes ,4.5,1300,2800,2000,3700
2022-07-12,thomson,0.0,0,0,0,0
2022-07-12,maltaise,0.0,0,0,0,0
2022-07-12,clémentine,0.0,0,0,0,0
2022-07-12,pommes ,2.8,1500,3000,2500,4000
2022-07-11,thomson,0.0,0,0,0,0
2022-07-11,maltaise,0.0,0,0,0,0
2022-07-11,clémentine,0.0,0,0,0,0
2022-07-11,pommes ,1.5,2000,2500,3500,4000
2022-07-08,thomson,0.0,0,0,0,0
2022-07-08,maltaise,0.0,0,0,0,0
2022-07-08,clémentine,0.0,0,0,0,0
2022-07-08,pommes ,7.9,2500,3000,3000,4500
2022-07-07,thomson,0.0,0,0,0,0
2022-07-07,maltaise,0.0,0,0,0,0
2022-07-07,clémentine,0.0,0,0,0,0
2022-07-07,pommes ,7.8,2000,3000,2500,4000
2022-07-06,thomson,0.0,0,0,0,0
2022-07-06,maltaise,0.0,0,0,0,0
2022-07-06,clémentine,0.0,0,0,0,0
2022-07-06,pommes ,5.5,1500,3000,2500,4000
2022-07-05,thomson,0.0,0,0,0,0
2022-07-05,maltaise,0.0,0,0,0,0
2022-07-05,clémentine,0.0,0,0,0,0
2022-07-05,pommes ,2.7,2300,3000,3000,4000
2022-07-01,thomson,0.0,0,0,0,0
2022-07-01,maltaise,0.0,0,0,0,0
2022-07-01,clémentine,0.0,0,0,0,0
2022-07-01,pommes ,5.7,1000,1800,2000,2500
2022-06-30,thomson,0.0,0,0,0,0
2022-06-30,maltaise,0.0,0,0,0,0
2022-06-30,clémentine,0.0,0,0,0,0
2022-06-30,pommes ,3.4,1500,2000,2000,3000
2022-06-29,thomson,0.0,0,0,0,0
2022-06-29,maltaise,0.0,0,0,0,0
2022-06-29,clémentine,0.0,0,0,0,0
2022-06-29,pommes ,3.4,1200,2200,2000,3000
2022-06-28,thomson,0.0,0,0,0,0
2022-06-28,maltaise,0.0,0,0,0,0
2022-06-28,clémentine,0.0,0,0,0,0
2022-06-28,pommes ,4.0,1000,2500,2000,3000
2022-06-27,thomson,0.0,0,0,0,0
2022-06-27,maltaise,0.0,0,0,0,0
2022-06-27,clémentine,0.0,0,0,0,0
2022-06-27,pommes ,3.7,1300,2300,2000,3000
2022-06-24,thomson,0.0,0,0,0,0
2022-06-24,maltaise,0.0,0,0,0,0
2022-06-24,clémentine,0.0,0,0,0,0
2022-06-24,pommes ,4.8,1500,2000,2000,3000
2022-06-23,thomson,0.0,0,0,0,0
2022-06-23,maltaise,0.0,0,0,0,0
2022-06-23,clémentine,0.0,0,0,0,0
2022-06-23,pommes ,3.0,1300,2500,2000,3500
2022-06-22,thomson,0.0,0,0,0,0
2022-06-22,maltaise,0.0,0,0,0,0
2022-06-22,clémentine,0.0,0,0,0,0
2022-06-22,pommes ,2.5,1500,2500,2000,3500
2022-06-21,thomson,0.0,0,0,0,0
2022-06-21,maltaise,0.0,0,0,0,0
2022-06-21,clémentine,0.0,0,0,0,0
2022-06-21,pommes ,2.2,1300,2500,2000,3500
2022-06-20,thomson,0.0,0,0,0,0
2022-06-20,maltaise,0.0,0,0,0,0
2022-06-20,clémentine,0.0,0,0,0,0
2022-06-20,pommes ,2.5,1500,2500,2500,3500
2022-06-17,thomson,0.0,0,0,0,0
2022-06-17,maltaise,0.0,0,0,0,0
2022-06-17,clémentine,0.0,0,0,0,0
2022-06-17,pommes ,1.8,1500,2000,2500,3500
2022-06-09,thomson,0.0,0,0,0,0
2022-06-09,maltaise,0.0,0,0,0,0
2022-06-09,clémentine,0.0,0,0,0,0
2022-06-09,pommes ,0.0,0,0,0,0
2022-06-08,thomson,0.0,0,0,0,0
2022-06-08,maltaise,0.0,0,0,0,0
2022-06-08,clémentine,0.0,0,0,0,0
2022-06-08,pommes ,0.0,0,0,0,0
2022-06-07,thomson,0.0,0,0,0,0
2022-06-07,maltaise,0.0,0,0,0,0
2022-06-07,clémentine,0.0,0,0,0,0
2022-06-07,pommes ,0.0,0,0,0,0
2022-06-06,thomson,0.0,0,0,0,0
2022-06-06,maltaise,0.0,0,0,0,0
2022-06-06,clémentine,0.0,0,0,0,0
2022-06-06,pommes ,0.0,0,0,0,0
2022-06-03,thomson,0.0,0,0,0,0
2022-06-03,maltaise,0.0,0,0,0,0
2022-06-03,clémentine,0.0,0,0,0,0
2022-06-03,pommes ,0.3,5000,5500,8000,8000
2022-06-02,thomson,0.0,0,0,0,0
2022-06-02,maltaise,0.0,0,0,0,0
2022-06-02,clémentine,0.0,0,0,0,0
2022-06-02,pommes ,0.4,7000,7000,10000,10000
2022-06-01,thomson,0.0,0,0,0,0
2022-06-01,maltaise,0.0,0,0,0,0
2022-06-01,clémentine,0.0,0,0,0,0
2022-06-01,pommes ,0.7,6000,6700,8500,10000
2022-05-31,thomson,0.0,0,0,0,0
2022-05-31,maltaise,0.0,0,0,0,0
2022-05-31,clémentine,0.0,0,0,0,0
2022-05-31,pommes ,0.0,0,0,0,0
2022-05-28,thomson,0.0,0,0,0,0
2022-05-28,maltaise,0.0,0,0,0,0
2022-05-28,clémentine,0.0,0,0,0,0
2022-05-28,pommes ,0.3,2000,6000,5000,9000
2022-05-27,thomson,0.0,0,0,0,0
2022-05-27,maltaise,1.2,1800,2000,2500,2500
2022-05-27,clémentine,0.0,0,0,0,0
2022-05-27,pommes ,0.7,4000,6000,6000,9000
2022-05-26,thomson,0.0,0,0,0,0
2022-05-26,maltaise,1.0,1400,2000,1800,2500
2022-05-26,clémentine,0.0,0,0,0,0
2022-05-26,pommes ,0.6,5000,5000,6500,6500
2022-05-25,thomson,0.0,0,0,0,0
2022-05-25,maltaise,0.9,1500,2000,2000,2500
2022-05-25,clémentine,0.0,0,0,0,0
2022-05-25,pommes ,0.3,4000,5000,6000,6500
2022-05-24,thomson,0.0,0,0,0,0
2022-05-24,maltaise,1.5,1500,2000,2000,2700
2022-05-24,pommes ,0.0,0,0,0,0
2022-05-23,thomson,0.0,0,0,0,0
2022-05-23,maltaise,1.3,1200,1900,1700,2500
2022-05-23,pommes ,0.6,2300,5000,3500,6500
2022-05-18,thomson,0.0,0,0,0,0
2022-05-18,maltaise,1.6,1000,1550,1500,2300
2022-05-18,clémentine,0.0,0,0,0,0
2022-05-18,pommes ,0.3,3500,5700,4000,7000
2022-05-17,thomson,0.0,0,0,0,0
2022-05-17,maltaise,1.3,900,1500,1500,2200
2022-05-17,clémentine,0.0,0,0,0,0
2022-05-17,pommes ,0.2,2000,5500,3000,7000
2022-05-16,thomson,0.0,0,0,0,0
2022-05-16,maltaise,2.0,800,1500,1500,2000
2022-05-16,clémentine,0.0,0,0,0,0
2022-05-16,pommes ,0.5,2000,6000,3000,7500
2022-05-13,thomson,0.6,2500,3200,3500,5000
2022-05-13,maltaise,3.3,800,1500,1500,2000
2022-05-13,clémentine,0.0,0,0,0,0
2022-05-13,pommes ,1.1,3000,6000,3800,7500
2022-05-12,thomson,1.0,2000,2500,3000,3500
2022-05-12,maltaise,3.0,800,1500,1500,2000
2022-05-12,clémentine,0.0,0,0,0,0
2022-05-12,pommes ,0.5,3000,5800,3800,8000
2022-05-11,thomson,1.5,2000,2200,2800,3500
2022-05-11,maltaise,2.0,1000,1500,1500,2000
2022-05-11,clémentine,0.0,0,0,0,0
2022-05-11,pommes ,0.6,2500,5500,3500,7500
2022-04-25,clémentine,0.0,0,0,0,0
2022-04-25,maltaise,6.0,600,1300,1200,2000
2022-04-25,thomson,4.0,1000,2700,1500,3300
2022-04-25,pommes ,4.0,1500,5500,2500,7000
2022-04-22,clémentine,0.0,0,0,0,0
2022-04-22,maltaise,7.5,1500,1600,1800,2500
2022-04-22,thomson,5.0,1000,2500,1500,3300
2022-04-22,pommes ,3.8,1500,4500,2500,7000
2022-04-21,clémentine,0.0,0,0,0,0
2022-04-21,maltaise,4.9,1000,2000,1500,2800
2022-04-21,thomson,3.8,1500,2700,2500,3325
2022-04-21,pommes ,2.0,2500,6000,4500,7500
2022-04-20,clémentine,0.0,0,0,0,0
2022-04-20,maltaise,6.5,1000,2000,1500,2800
2022-04-20,thomson,4.0,1500,3000,2500,3800
2022-04-20,pommes ,1.4,3000,6000,5000,7500
2022-04-19,clémentine,0.0,0,0,0,0
2022-04-19,maltaise,5.0,800,1900,1500,2500
2022-04-19,thomson,4.0,1000,3000,1500,3800
2022-04-19,pommes ,2.0,1000,5500,2500,7500
2022-04-18,clémentine,0.0,0,0,0,0
2022-04-18,maltaise,4.4,500,1900,1000,2500
2022-04-18,thomson,2.1,1000,3000,1600,3800
2022-04-18,pommes ,1.3,1000,5000,2000,7000
2022-04-15,clémentine,0.0,0,0,0,0
2022-04-15,maltaise,5.5,800,1800,1500,2300
2022-04-15,thomson,5.0,900,2000,1500,3000
2022-04-15,pommes ,2.8,1700,4000,2500,6000
2022-04-14,clémentine,0.0,0,0,0,0
2022-04-14,maltaise,4.2,1000,1800,1500,2300
2022-04-14,thomson,3.5,1000,2000,1500,3000
2022-04-14,pommes ,1.2,1500,4000,2000,6000
2022-04-13,clémentine,0.0,0,0,0,0
2022-04-13,maltaise,5.0,800,1700,1200,2200
2022-04-13,thomson,4.0,1000,2200,1500,3300
2022-04-13,pommes ,1.5,1000,4500,2000,6000
2022-04-12,clémentine,0.0,0,0,0,0
2022-04-12,maltaise,4.0,800,1700,1200,2200
2022-04-12,thomson,2.5,900,2100,1500,3200
2022-04-12,pommes ,1.0,1500,3800,2000,5500
2022-04-11,clémentine,0.0,0,0,0,0
2022-04-11,maltaise,5.3,900,1700,1500,2000
2022-04-11,thomson,3.9,1000,2000,1800,3200
2022-04-11,pommes ,2.0,1500,4000,2500,5800
2022-04-08,clémentine,0.0,0,0,0,0
2022-04-08,maltaise,6.0,1000,1800,1500,2200
2022-04-08,thomson,4.0,1000,2000,1500,3000
2022-04-08,pommes ,3.0,2000,4000,3500,6000
2022-04-07,clémentine,0.0,0,0,0,0
2022-04-07,maltaise,5.0,1000,1800,1500,2200
2022-04-07,thomson,3.0,1000,2000,1500,3000
2022-04-07,pommes ,2.0,1500,4000,2000,8000
2022-04-06,clémentine,0.0,0,0,0,0
2022-04-06,maltaise,7.0,1000,1900,1500,2500
2022-04-06,thomson,6.0,1000,2200,1500,3000
2022-04-06,pommes ,3.0,2000,4000,3300,8000
2022-04-05,clémentine,0.0,0,0,0,0
2022-04-05,maltaise,5.0,1000,1800,1500,2500
2022-04-05,thomson,4.0,1400,2200,2000,3000
2022-04-05,pommes ,2.0,3000,4000,3500,8000
2022-04-04,clémentine,0.0,0,0,0,0
2022-04-04,maltaise,5.4,1400,2000,2000,2700
2022-04-04,thomson,5.5,1300,2200,2000,3100
2022-04-04,pommes ,1.5,2500,4000,4000,8000
2022-04-01,clémentine,0.0,0,0,0,0
2022-04-01,maltaise,6.2,1500,1800,2000,2500
2022-04-01,thomson,6.0,1500,2200,2000,3000
2022-04-01,pommes ,2.7,2000,4000,3500,5500
2022-03-31,clémentine,0.0,0,0,0,0
2022-03-31,maltaise,3.7,1000,1800,1500,2600
2022-03-31,thomson,3.8,1200,2200,1800,3035
2022-03-31,pommes ,0.6,2000,5000,3000,6000
2022-03-30,pommes ,1.5,1700,4500,2500,6000
2022-03-30,clémentine,0.0,0,0,0,0
2022-03-30,maltaise,5.0,1000,1650,1500,2300
2022-03-30,thomson,4.0,1200,2200,1500,3000
2022-03-29,clémentine,0.0,0,0,0,0
2022-03-29,maltaise,2.8,1000,1500,1500,2200
2022-03-29,thomson,2.5,1000,2000,1500,2800
2022-03-29,pommes ,0.8,1500,4000,2500,5500
2022-03-28,pommes ,1.9,1200,3800,2500,5500
2022-03-28,clémentine,0.0,0,0,0,0
2022-03-28,maltaise,4.4,1000,1200,1500,2000
2022-03-28,thomson,3.3,1000,1900,1500,2500
2022-03-24,thomson,4.5,1100,1800,1400,2700
2022-03-24,maltaise,4.0,800,1200,1000,1600
2022-03-24,clémentine,0.0,0,0,0,0
2022-03-24,pommes ,1.7,1500,4000,2500,5000
2022-03-23,pommes ,1.0,3500,4000,4000,5000
2022-03-23,clémentine,0.0,0,0,0,0
2022-03-23,maltaise,3.5,800,1350,1200,2000
2022-03-23,thomson,2.5,1000,1890,1500,2600
2022-03-22,pommes ,2.0,1000,4000,2000,5000
2022-03-22,clémentine,0.0,0,0,0,0
2022-03-22,maltaise,4.0,700,1400,1200,2200
2022-03-22,thomson,3.0,900,2000,1500,2800
2022-03-21,pommes ,2.7,1000,4000,2000,5000
2022-03-21,clémentine,0.0,0,0,0,0
2022-03-21,maltaise,4.5,800,1300,1500,2000
2022-03-21,thomson,3.8,700,1900,1200,2500
2022-03-17,pommes ,1.3,1500,4000,2500,5000
2022-03-17,clémentine,1.2,2100,2900,3000,3500
2022-03-17,maltaise,4.7,800,1200,1300,1600
2022-03-17,thomson,4.5,900,1900,1300,2700
2022-03-16,pommes ,2.0,1000,4000,1500,5000
2022-03-16,clémentine,1.0,2000,2900,3000,3500
2022-03-16,maltaise,3.0,600,1200,1000,1600
2022-03-16,thomson,3.0,800,1900,1200,2700
2022-03-15,pommes ,1.2,1000,3800,1500,4800
2022-03-15,clémentine,0.5,2200,2800,3000,3500
2022-03-15,maltaise,3.5,800,1200,1200,1500
2022-03-15,thomson,2.8,1000,1800,1500,2500
2022-03-14,pommes ,2.8,800,3800,1500,4800
2022-03-14,clémentine,0.9,2000,2800,3000,3500
2022-03-14,maltaise,4.0,900,1200,1200,1500
2022-03-14,thomson,3.0,1000,1800,1500,2600
2022-03-11,pommes ,1.7,1500,4000,2200,5500
2022-03-11,clémentine,1.0,2000,2500,3000,3500
2022-03-11,maltaise,5.5,500,1000,800,1500
2022-03-11,thomson,5.0,700,1600,1200,2400
2022-03-10,pommes ,0.9,1200,4000,2500,5000
2022-03-10,clémentine,1.5,2000,2500,3000,3500
2022-03-10,maltaise,4.4,700,1100,1000,1600
2022-03-10,thomson,3.9,1000,1900,1500,2600
2022-03-09,pommes ,0.7,1500,4000,2500,5000
2022-03-09,clémentine,1.5,2000,2500,3000,3500
2022-03-09,maltaise,4.0,700,1100,1000,1500
2022-03-09,thomson,3.0,1000,1900,1500,2400
2022-03-08,pommes ,0.3,1500,4000,2500,5000
2022-03-08,clémentine,0.5,2200,2500,3000,3500
2022-03-08,maltaise,3.0,500,1000,1000,1500
2022-03-08,thomson,3.3,800,1800,1200,2400
2022-03-07,pommes ,1.0,2000,3800,2500,5000
2022-03-07,clémentine,2.0,2000,2500,2700,3500
2022-03-07,maltaise,6.5,700,1000,1200,1500
2022-03-07,thomson,6.0,1000,1700,1500,2500
2022-03-04,pommes ,1.7,1200,4000,2000,5000
2022-03-04,clémentine,2.5,1500,2500,2500,3500
2022-03-04,maltaise,5.5,500,1000,800,1400
2022-03-04,thomson,4.5,500,1600,1000,2300
2022-03-03,pommes ,0.1,1200,4000,2000,5000
2022-03-03,clémentine,1.5,1800,2700,3000,3800
2022-03-03,maltaise,4.0,600,1000,1000,1350
2022-03-03,thomson,3.0,650,1800,1000,2500
2022-03-02,pommes ,0.8,900,4200,2000,5500
2022-03-02,clémentine,2.0,2000,2700,3000,3800
2022-03-02,maltaise,3.5,500,1100,1000,1400
2022-03-02,thomson,2.5,800,1800,1200,2500
2022-03-01,thomson,1.5,1000,1800,1500,2500
2022-03-01,maltaise,2.0,700,1100,1000,1400
2022-03-01,clémentine,1.3,2500,2700,3000,3800
2022-03-01,pommes ,1.2,800,4000,2000,5500
2022-02-28,pommes ,1.7,1800,4000,2500,5300
2022-02-28,clémentine,2.5,2000,2500,2500,3600
2022-02-28,maltaise,3.0,700,1000,1000,1300
2022-02-28,thomson,4.0,700,1800,1500,2500
2022-02-25,pommes ,1.5,1800,4300,2500,5500
2022-02-25,clémentine,2.0,2000,2500,2500,3500
2022-02-25,maltaise,6.2,600,1000,1000,1300
2022-02-25,thomson,5.3,800,1500,1200,2200
2022-02-24,pommes ,0.6,2000,4200,2500,5500
2022-02-24,clémentine,1.5,2000,2500,2600,3500
2022-02-24,maltaise,4.0,770,1000,1000,1300
2022-02-24,thomson,3.5,700,1450,1000,2300
2022-02-23,pommes ,1.2,1500,4000,250,5000
2022-02-23,clémentine,2.0,1900,2400,2500,3500
2022-02-23,maltaise,3.5,700,1100,1000,1500
2022-02-23,thomson,4.0,750,1500,1200,2200
2022-02-22,pommes ,1.0,1700,4000,2700,5000
2022-02-22,clémentine,1.5,1800,2500,2500,3500
2022-02-22,maltaise,4.4,700,1100,1000,1500
2022-02-22,thomson,3.3,800,1400,1200,2200
2022-02-21,pommes ,1.2,2000,4000,2700,5000
2022-02-21,clémentine,1.1,1500,2500,2500,3500
2022-02-21,maltaise,5.3,700,1100,1000,1400
2022-02-21,thomson,5.2,800,1300,1200,2200
2022-02-18,thomson,4.8,900,1100,1200,2000
2022-02-18,maltaise,4.6,600,1000,1000,1400
2022-02-18,clémentine,2.7,1500,2500,2200,3500
2022-02-18,pommes ,2.8,2000,4000,2500,5000
2022-02-17,pommes ,1.0,1800,3400,2500,4500
2022-02-17,clémentine,1.0,1900,2500,2800,3500
2022-02-17,maltaise,2.0,500,1000,1000,1400
2022-02-17,thomson,3.0,900,1500,1200,2200
2022-02-16,pommes ,0.8,1700,3500,2500,4500
2022-02-16,clémentine,1.3,2000,2500,2800,3500
2022-02-16,maltaise,4.0,600,1000,1000,1400
2022-02-16,thomson,3.8,800,1500,1200,2300
2022-02-15,pommes ,1.3,1400,3600,2500,5000
2022-02-15,clémentine,1.5,1700,2800,2800,3700
2022-02-15,maltaise,3.0,800,1300,1000,1500
2022-02-15,thomson,2.5,700,1400,1200,2200
2022-02-14,pommes ,2.8,1500,3500,2500,5000
2022-02-14,clémentine,1.2,2000,3000,2800,3800
2022-02-14,maltaise,4.0,1000,1200,1300,1600
2022-02-14,thomson,5.0,1000,1200,1500,2200
2022-02-11,pommes ,2.0,1500,4000,2000,5000
2022-02-11,clémentine,3.0,1500,2200,2000,3500
2022-02-11,maltaise,5.0,500,800,800,1200
2022-02-11,thomson,4.5,500,1280,1000,2000
2022-02-10,thomson,3.5,600,1400,1000,2000
2022-02-10,maltaise,4.0,500,900,1000,1300
2022-02-10,clémentine,2.0,1800,2400,2500,3500
2022-02-10,pommes ,1.0,2000,4000,2500,5000
2022-02-09,pommes ,1.5,1800,3800,2300,4800
2022-02-09,clémentine,2.5,1600,2200,1800,3500
2022-02-09,maltaise,3.7,600,700,1000,1200
2022-02-09,thomson,4.0,700,1300,1000,1800
2022-02-08,pommes ,1.6,2000,3800,2500,5000
2022-02-08,clémentine,3.7,1500,2200,2000,3500
2022-02-08,maltaise,5.8,550,700,800,1200
2022-02-08,thomson,5.5,600,1300,1000,2000
2022-02-07,pommes ,2.0,1500,3200,2000,5000
2022-02-07,clémentine,2.5,1000,2000,1500,3000
2022-02-07,maltaise,6.0,500,700,800,1200
2022-02-07,thomson,5.0,500,1300,1000,2000
2022-02-04,pommes ,2.0,2000,4200,2700,5800
2022-02-04,clémentine,3.3,2000,2150,2800,3600
2022-02-04,maltaise,4.0,600,800,1000,1200
2022-02-04,thomson,3.0,700,1550,1300,2200
2022-01-31,pommes ,1.5,1200,4000,2000,6000
2022-01-31,clémentine,3.7,1500,2500,2000,3200
2022-01-31,maltaise,3.5,600,900,1000,1300
2022-01-31,thomson,2.0,1000,1700,1500,2200
2022-01-28,pommes ,2.0,1500,4000,2200,6000
2022-01-28,clémentine,4.0,1200,2300,2000,3300
2022-01-28,maltaise,4.5,500,1000,1000,1400
2022-01-28,thomson,4.5,800,1700,1200,2300
2022-01-27,pommes ,1.5,2000,4000,2500,6000
2022-01-27,clémentine,3.5,1500,2600,2000,3300
2022-01-27,maltaise,3.2,700,900,1000,1400
2022-01-27,thomson,3.9,1000,1700,1500,2700
2022-01-26,pommes ,1.0,2000,3800,2500,5000
2022-01-26,clémentine,2.9,1600,2500,2000,3200
2022-01-26,maltaise,2.8,600,900,1000,1400
2022-01-26,thomson,1.5,900,1600,1400,2500
2022-01-25,pommes ,1.3,1700,3800,2500,5000
2022-01-25,clémentine,2.5,2000,2500,2500,3200
2022-01-25,maltaise,2.0,700,900,1000,1400
2022-01-25,thomson,2.0,1000,1600,1500,2500
2022-01-24,pommes ,2.8,1000,3500,2000,5000
2022-01-24,clémentine,4.5,1500,2400,2000,3000
2022-01-24,maltaise,2.5,800,900,1300,1400
2022-01-24,thomson,4.0,800,1400,1300,2500
2022-01-21,pommes ,2.0,1800,3900,2000,6000
2022-01-21,clémentine,5.0,1200,1800,1800,2600
2022-01-21,maltaise,4.0,600,900,1000,1300
2022-01-21,thomson,2.0,800,1700,1500,2400
2022-01-20,thomson,1.5,800,1700,1500,2300
2022-01-20,maltaise,3.5,550,900,1000,1300
2022-01-20,clémentine,4.0,1300,1800,1800,2500
2022-01-20,pommes ,0.8,1700,3900,2000,5800
2022-01-19,thomson,2.0,800,1650,1500,2300
2022-01-19,maltaise,3.5,550,1000,1000,1400
2022-01-19,clémentine,2.5,1400,1900,2000,2700
2022-01-19,pommes ,1.9,1200,4300,2000,6000
2022-01-17,thomson,4.0,800,1200,1500,2300
2022-01-17,maltaise,4.0,500,800,1000,1200
2022-01-17,clémentine,3.9,1000,1600,1500,2500
2022-01-17,pommes ,1.5,800,4000,1500,5500
2022-01-15,thomson,5.5,700,1000,1300,2000
2022-01-15,maltaise,3.8,500,600,1000,1200
2022-01-15,clémentine,4.6,1000,1500,1500,2500
2022-01-15,pommes ,2.0,1500,4000,2500,5500
2022-01-13,thomson,2.0,700,1700,1200,2500
2022-01-13,maltaise,2.5,700,900,1000,1300
2022-01-13,clémentine,3.5,1200,1800,1500,2700
2022-01-13,pommes ,1.5,1000,3800,1500,5500
2021-12-06,thomson,6.5,800,1200,1400,2200
2021-12-06,clémentine,2.8,1000,1300,1500,2200
2021-12-06,pommes ,2.0,1600,3000,2500,5000
2021-12-03,thomson,4.3,1000,1400,1500,2000
2021-12-03,clémentine,5.5,1000,1500,1500,2000
2021-12-03,pommes ,3.3,2500,3000,3000,4800
2021-12-02,thomson,2.9,1100,1500,1500,2300
2021-12-02,clémentine,4.5,800,1500,1500,2500
2021-12-02,pommes ,3.1,1600,3800,2500,5000
2021-12-01,pommes ,3.2,2000,3800,2800,5000
2021-12-01,clémentine,4.5,800,1700,1700,2500
2021-12-01,thomson,3.5,1000,1600,1500,2500
2021-11-30,thomson,3.3,1100,1500,1500,2300
2021-11-30,maltaise,0.0,0,0,0,0
2021-11-30,clémentine,6.9,800,1600,1500,2200
2021-11-30,pommes ,2.5,1600,3600,2500,4500
2021-11-29,thomson,4.0,1000,1400,1500,2200
2021-11-29,maltaise,0.0,0,0,0,0
2021-11-29,clémentine,5.9,1000,1500,1800,2500
2021-11-29,pommes ,3.0,2000,3500,3000,4500
2021-11-25,thomson,4.0,1000,1700,1500,2400
2021-11-25,maltaise,0.0,0,0,0,0
2021-11-25,clémentine,5.5,1000,2500,1700,3200
2021-11-25,pommes ,3.3,1500,4100,2300,5500
2021-11-24,thomson,3.0,1000,2100,1500,3000
2021-11-24,maltaise,0.0,0,0,0,0
2021-11-24,clémentine,4.0,1300,2500,2000,3500
2021-11-24,pommes ,2.0,1500,4200,2500,5700
2021-11-23,thomson,2.5,1000,2000,1500,2800
2021-11-23,maltaise,0.0,0,0,0,0
2021-11-23,clémentine,3.0,1200,2700,2000,3500
2021-11-23,pommes ,1.2,1500,4000,2500,5500
2021-11-22,thomson,4.0,1000,2000,1500,3000
2021-11-22,maltaise,0.0,0,0,0,0
2021-11-22,clémentine,5.0,1500,2500,2000,3500
2021-11-22,pommes ,3.0,2000,4000,2500,5500
2021-11-19,thomson,5.0,1200,1500,1800,2500
2021-11-19,maltaise,0.0,0,0,0,0
2021-11-19,clémentine,6.5,1500,2300,2000,3500
2021-11-19,pommes ,4.4,2000,4000,2500,5500
2021-11-18,thomson,4.4,850,1500,1500,2000
2021-11-18,maltaise,0.0,0,0,0,0
2021-11-18,clémentine,6.5,1100,2250,2000,3200
2021-11-18,pommes ,2.0,1300,3800,2000,5200
2021-11-17,thomson,3.5,800,1500,1500,2000
2021-11-17,maltaise,0.0,0,0,0,0
2021-11-17,clémentine,3.5,900,2185,2000,3000
2021-11-17,pommes ,1.5,1200,3755,2000,5500
2021-11-16,thomson,4.0,1000,1500,1500,2000
2021-11-16,maltaise,0.0,0,0,0,0
2021-11-16,clémentine,4.5,1000,2200,2000,3000
2021-11-16,pommes ,2.5,1000,3500,2000,5500
2021-11-15,thomson,5.0,900,1400,1500,2000
2021-11-15,maltaise,0.0,0,0,0,0
2021-11-15,clémentine,7.0,1200,2200,2000,3000
2021-11-15,pommes ,3.0,1500,4000,2500,6000
2021-11-12,thomson,4.0,1000,1500,1500,2000
2021-11-12,maltaise,0.0,0,0,0,0
2021-11-12,clémentine,7.8,1000,2000,1500,2700
2021-11-12,pommes ,4.0,1500,4000,2500,5500
2021-11-11,thomson,3.0,700,1500,1000,2000
2021-11-11,maltaise,0.0,0,0,0,0
2021-11-11,clémentine,5.8,800,2000,1300,2800
2021-11-11,pommes ,3.0,2000,4000,2500,5500
2021-11-10,thomson,4.5,900,1500,1500,2000
2021-11-10,maltaise,0.0,0,0,0,0
2021-11-10,clémentine,4.5,900,2000,1500,2700
2021-11-10,pommes ,2.0,1700,4000,2500,5500
2021-11-09,thomson,3.0,900,1600,1500,2300
2021-11-09,maltaise,0.0,0,0,0,0
2021-11-09,clémentine,3.9,1000,1600,1500,2500
2021-11-09,pommes ,2.5,1500,3500,2500,5000
2021-11-08,thomson,5.0,1000,1500,1500,2300
2021-11-08,maltaise,0.0,0,0,0,0
2021-11-08,clémentine,7.0,1000,1580,1500,2200
2021-11-08,pommes ,3.2,1400,3500,2500,5500
2021-10-29,thomson,2.8,1500,2000,2500,3500
2021-10-29,maltaise,0.0,0,0,0,0
2021-10-29,clémentine,3.3,1800,2200,2500,4000
2021-10-29,pommes ,3.4,2000,3300,3000,4500
2021-10-28,clémentine,2.6,1800,2400,2500,3500
2021-10-28,maltaise,0.0,0,0,0,0
2021-10-28,thomson,3.2,1800,2200,2800,3400
2021-10-28,pommes ,2.4,2000,4000,3000,5000
2021-10-26,thomson,2.5,1500,2000,2500,3000
2021-10-26,maltaise,0.0,0,0,0,0
2021-10-26,clémentine,3.0,1800,2000,2800,3500
2021-10-26,pommes ,2.9,1200,3800,2200,5000
2021-10-25,thomson,0.3,1500,1800,2400,2800
2021-10-25,maltaise,0.0,0,0,0,0
2021-10-25,clémentine,2.3,1800,2000,2400,3000
2021-10-25,pommes ,3.1,2000,3800,3500,5000
2021-10-22,thomson,0.0,0,0,0,0
2021-10-22,maltaise,0.0,0,0,0,0
2021-10-22,clémentine,5.0,2000,3000,3000,4000
2021-10-22,pommes ,3.5,1500,3600,2500,5000
2021-10-21,thomson,0.0,0,0,0,0
2021-10-21,maltaise,0.0,0,0,0,0
2021-10-21,clémentine,2.5,1900,3700,2500,4500
2021-10-21,pommes ,4.4,1200,4800,2000,6000
2021-10-20,thomson,0.0,0,0,0,0
2021-10-20,maltaise,0.0,0,0,0,0
2021-10-20,clémentine,1.5,2000,3500,3000,4500
2021-10-20,pommes ,3.6,1500,4500,2500,6000
2021-10-19,thomson,0.0,0,0,0,0
2021-10-19,maltaise,0.0,0,0,0,0
2021-10-19,clémentine,1.0,2000,4000,3500,4500
2021-10-19,pommes ,5.0,1000,4500,2000,6000
2021-10-12,thomson,0.0,0,0,0,0
2021-10-12,maltaise,0.0,0,0,0,0
2021-10-12,clémentine,0.0,0,0,0,0
2021-10-12,pommes ,4.5,500,4000,1500,6000
2021-10-11,thomson,0.0,0,0,0,0
2021-10-11,maltaise,0.0,0,0,0,0
2021-10-11,clémentine,0.0,0,0,0,0
2021-10-11,pommes ,8.6,400,4000,2000,5800
2021-10-08,thomson,0.0,0,0,0,0
2021-10-08,maltaise,0.0,0,0,0,0
2021-10-08,clémentine,0.0,0,0,0,0
2021-10-08,pommes ,6.0,1600,4000,2500,5000
2021-10-07,thomson,0.0,0,0,0,0
2021-10-07,maltaise,0.0,0,0,0,0
2021-10-07,clémentine,0.0,0,0,0,0
2021-10-07,pommes ,4.0,1500,3700,2500,4800
2021-10-06,thomson,0.0,0,0,0,0
2021-10-06,maltaise,0.0,0,0,0,0
2021-10-06,clémentine,0.0,0,0,0,0
2021-10-06,pommes ,4.9,1000,4000,1500,5000
2021-10-05,thomson,0.0,0,0,0,0
2021-10-05,maltaise,0.0,0,0,0,0
2021-10-05,clémentine,0.0,0,0,0,0
2021-10-05,pommes ,3.5,900,4000,1500,5000
2021-10-04,thomson,0.0,0,0,0,0
2021-10-04,maltaise,0.0,0,0,0,0
2021-10-04,clémentine,0.0,0,0,0,0
2021-10-04,pommes ,6.0,1500,3800,2000,4800
2021-10-01,thomson,0.0,0,0,0,0
2021-10-01,maltaise,0.0,0,0,0,0
2021-10-01,clémentine,0.0,0,0,0,0
2021-10-01,pommes ,7.0,1000,3500,1500,4500
2021-09-30,thomson,0.0,0,0,0,0
2021-09-30,maltaise,0.0,0,0,0,0
2021-09-30,clémentine,0.0,0,0,0,0
2021-09-30,pommes ,3.5,1500,3950,2500,5000
2021-09-24,thomson,0.0,0,0,0,0
2021-09-24,maltaise,0.0,0,0,0,0
2021-09-24,clémentine,0.0,0,0,0,0
2021-09-24,pommes ,8.0,800,3500,1200,5000
2021-09-23,thomson,0.0,0,0,0,0
2021-09-23,maltaise,0.0,0,0,0,0
2021-09-23,clémentine,0.0,0,0,0,0
2021-09-23,pommes ,5.0,1500,4000,2000,5000
2021-09-21,thomson,0.0,0,0,0,0
2021-09-21,maltaise,0.0,0,0,0,0
2021-09-21,clémentine,0.0,0,0,0,0
2021-09-21,pommes ,6.1,1080,3100,2000,4550
2021-09-20,thomson,0.0,0,0,0,0
2021-09-20,maltaise,0.0,0,0,0,0
2021-09-20,clémentine,0.0,0,0,0,0
2021-09-20,pommes ,6.8,1000,2500,2900,4500
2021-09-17,thomson,0.0,0,0,0,0
2021-09-17,maltaise,0.0,0,0,0,0
2021-09-17,clémentine,0.0,0,0,0,0
2021-09-17,pommes ,5.7,800,3000,1500,4000
2021-09-16,thomson,0.0,0,0,0,0
2021-09-16,maltaise,0.0,0,0,0,0
2021-09-16,clémentine,0.0,0,0,0,0
2021-09-16,pommes ,7.5,1000,2250,1500,3500
2021-09-07,thomson,0.0,0,0,0,0
2021-09-07,maltaise,0.0,0,0,0,0
2021-09-07,clémentine,0.0,0,0,0,0
2021-09-07,pommes ,7.4,400,2000,800,3000
2021-09-06,thomson,0.0,0,0,0,0
2021-09-06,maltaise,0.0,0,0,0,0
2021-09-06,clémentine,0.0,0,0,0,0
2021-09-06,pommes ,8.5,350,2000,800,3000
2021-09-03,thomson,0.0,0,0,0,0
2021-09-03,maltaise,0.0,0,0,0,0
2021-09-03,clémentine,0.0,0,0,0,0
2021-09-03,pommes ,7.7,500,2500,1000,3500
2021-09-02,thomson,0.0,0,0,0,0
2021-09-02,maltaise,0.0,0,0,0,0
2021-09-02,clémentine,0.0,0,0,0,0
2021-09-02,pommes ,6.8,500,2500,1000,3500
2021-09-01,thomson,0.0,0,0,0,0
2021-09-01,maltaise,0.0,0,0,0,0
2021-09-01,clémentine,0.0,0,0,0,0
2021-09-01,pommes ,6.0,700,1000,3000,4500
2021-08-31,pommes ,4.2,1400,4000,2000,4500
2021-08-31,clémentine,0.0,0,0,0,0
2021-08-31,thomson,0.0,0,0,0,0
2021-08-31,maltaise,0.0,0,0,0,0
2021-08-23,thomson,0.0,0,0,0,0
2021-08-23,maltaise,0.0,0,0,0,0
2021-08-23,clémentine,0.0,0,0,0,0
2021-08-23,pommes ,5.8,900,3000,1500,3800
2021-08-20,thomson,0.0,0,0,0,0
2021-08-20,maltaise,0.0,0,0,0,0
2021-08-20,clémentine,0.0,0,0,0,0
2021-08-20,pommes ,4.6,1000,3000,2000,3800
2021-08-19,thomson,0.0,0,0,0,0
2021-08-19,maltaise,0.0,0,0,0,0
2021-08-19,clémentine,0.0,0,0,0,0
2021-08-19,pommes ,5.0,1500,3000,2000,4000
2021-08-18,thomson,0.0,0,0,0,0
2021-08-18,maltaise,0.0,0,0,0,0
2021-08-18,clémentine,0.0,0,0,0,0
2021-08-18,pommes ,3.5,1000,3000,2000,4000
2021-08-17,thomson,0.0,0,0,0,0
2021-08-17,maltaise,0.0,0,0,0,0
2021-08-17,clémentine,0.0,0,0,0,0
2021-08-17,pommes ,3.5,1400,3000,2500,3800
2021-08-16,thomson,0.0,0,0,0,0
2021-08-16,maltaise,0.0,0,0,0,0
2021-08-16,clémentine,0.0,0,0,0,0
2021-08-16,pommes ,4.0,1300,3400,2500,4200
2021-08-12,thomson,0.0,0,0,0,0
2021-08-12,maltaise,0.0,0,0,0,0
2021-08-12,clémentine,0.0,0,0,0,0
2021-08-12,pommes ,3.0,1100,2500,2000,4000
2021-08-11,thomson,0.0,0,0,0,0
2021-08-11,maltaise,0.0,0,0,0,0
2021-08-11,clémentine,0.0,0,0,0,0
2021-08-11,pommes ,4.8,1300,2000,2500,4000
2021-08-09,thomson,0.0,0,0,0,0
2021-08-09,maltaise,0.0,0,0,0,0
2021-08-09,clémentine,0.0,0,0,0,0
2021-08-09,pommes ,4.5,1300,3500,2000,4500
2021-08-05,thomson,0.0,0,0,0,0
2021-08-05,maltaise,0.0,0,0,0,0
2021-08-05,clémentine,0.0,0,0,0,0
2021-08-05,pommes ,3.3,1400,3500,2500,4500
2021-08-04,thomson,0.0,0,0,0,0
2021-08-04,maltaise,0.0,0,0,0,0
2021-08-04,clémentine,0.0,0,0,0,0
2021-08-04,pommes ,2.9,1300,3600,2000,4500
2021-08-03,thomson,0.0,0,0,0,0
2021-08-03,maltaise,0.0,0,0,0,0
2021-08-03,clémentine,0.0,0,0,0,0
2021-08-03,pommes ,4.0,1300,3600,2000,4500
2021-08-02,thomson,0.0,0,0,0,0
2021-08-02,maltaise,0.0,0,0,0,0
2021-08-02,clémentine,0.0,0,0,0,0
2021-08-02,pommes ,3.9,1000,3500,1500,4500
2021-07-30,pommes ,2.5,1500,3000,2500,3500
2021-07-30,clémentine,0.0,0,0,0,0
2021-07-30,thomson,0.0,0,0,0,0
2021-07-30,maltaise,0.0,0,0,0,0
2021-07-26,thomson,0.0,0,0,0,0
2021-07-26,maltaise,0.0,0,0,0,0
2021-07-26,clémentine,0.0,0,0,0,0
2021-07-26,pommes ,2.7,1500,3000,2500,4000
2021-07-23,thomson,0.0,0,0,0,0
2021-07-23,maltaise,0.0,0,0,0,0
2021-07-23,clémentine,0.0,0,0,0,0
2021-07-23,pommes ,2.0,1000,2500,2000,3500
2021-07-19,thomson,0.0,0,0,0,0
2021-07-19,maltaise,2.0,1000,1300,1500,2000
2021-07-19,clémentine,0.0,0,0,0,0
2021-07-19,pommes ,4.7,2500,4000,3500,6000
2021-06-25,thomson,0.0,0,0,0,0
2021-06-25,maltaise,2.0,800,900,1300,1500
2021-06-25,clémentine,0.0,0,0,0,0
2021-06-25,pommes ,5.0,800,2000,1500,3000
2021-06-23,thomson,0.0,0,0,0,0
2021-06-23,maltaise,0.0,0,0,0,0
2021-06-23,clémentine,0.0,0,0,0,0
2021-06-23,pommes ,2.5,1500,3000,2000,4000
2021-06-22,thomson,0.0,0,0,0,0
2021-06-22,maltaise,0.0,0,0,0,0
2021-06-22,clémentine,0.0,0,0,0,0
2021-06-22,pommes ,3.0,1000,2700,2000,4000
2021-06-21,thomson,0.0,0,0,0,0
2021-06-21,maltaise,0.0,0,0,0,0
2021-06-21,clémentine,0.0,0,0,0,0
2021-06-21,pommes ,4.0,1000,1800,2000,3000
2021-06-18,thomson,0.0,0,0,0,0
2021-06-18,maltaise,0.8,1000,1100,1500,1500
2021-06-18,clémentine,0.0,0,0,0,0
2021-06-18,pommes ,1.4,2000,2200,2500,3000
2021-06-16,thomson,0.0,0,0,0,0
2021-06-16,maltaise,1.3,700,1400,1100,1900
2021-06-16,clémentine,0.0,0,0,0,0
2021-06-16,pommes ,2.6,2200,2500,3000,3500
2021-06-15,thomson,0.0,0,0,0,0
2021-06-15,maltaise,2.0,650,1200,1000,1800
2021-06-15,clémentine,0.0,0,0,0,0
2021-06-15,pommes ,1.3,2500,2600,3000,3500
2021-06-14,thomson,0.0,0,0,0,0
2021-06-14,maltaise,2.5,600,1100,1000,1600
2021-06-14,clémentine,0.0,0,0,0,0
2021-06-14,pommes ,0.0,0,0,0,0
2021-06-11,thomson,0.0,0,0,0,0
2021-06-11,maltaise,2.0,400,800,800,1500
2021-06-11,clémentine,0.0,0,0,0,0
2021-06-11,pommes ,0.0,0,0,0,0
2021-06-10,thomson,0.0,0,0,0,0
2021-06-10,maltaise,1.3,700,1000,1200,1500
2021-06-10,clémentine,0.0,0,0,0,0
2021-06-10,pommes ,0.0,0,0,0,0
2021-06-09,thomson,0.0,0,0,0,0
2021-06-09,maltaise,0.0,0,0,0,0
2021-06-09,clémentine,0.0,0,0,0,0
2021-06-09,pommes ,0.0,0,0,0,0
2021-06-08,thomson,0.0,0,0,0,0
2021-06-08,maltaise,0.0,0,0,0,0
2021-06-08,clémentine,0.0,0,0,0,0
2021-06-08,pommes ,0.0,0,0,0,0
2021-06-07,thomson,0.0,0,0,0,0
2021-06-07,maltaise,0.0,0,0,0,0
2021-06-07,clémentine,0.0,0,0,0,0
2021-06-07,pommes ,0.0,0,0,0,0
2021-06-04,thomson,0.0,0,0,0,0
2021-06-04,maltaise,0.0,0,0,0,0
2021-06-04,clémentine,0.0,0,0,0,0
2021-06-04,pommes ,0.0,0,0,0,0
2021-06-03,thomson,0.0,0,0,0,0
2021-06-03,maltaise,0.0,0,0,0,0
2021-06-03,clémentine,0.0,0,0,0,0
2021-06-03,pommes ,0.0,0,0,0,0
2021-06-02,thomson,0.0,0,0,0,0
2021-06-02,maltaise,0.0,0,0,0,0
2021-06-02,clémentine,0.0,0,0,0,0
2021-06-02,pommes ,0.0,0,0,0,0
2021-05-31,thomson,0.0,0,0,0,0
2021-05-31,maltaise,0.0,0,0,0,0
2021-05-31,clémentine,0.0,0,0,0,0
2021-05-31,pommes ,0.0,0,0,0,0
2021-05-28,pommes ,3.3,0,0,0,0
2021-05-28,clémentine,0.0,0,0,0,0
2021-05-28,maltaise,2.7,700,1500,1500,2000
2021-05-28,thomson,0.0,0,0,0,0
2021-05-27,thomson,0.8,1000,1150,1500,1800
2021-05-27,maltaise,4.8,500,1300,1000,1600
2021-05-27,clémentine,0.0,0,0,0,0
2021-05-27,pommes ,1.4,5000,5500,6500,7500
2021-05-26,thomson,0.8,1000,1150,1500,1800
2021-05-26,maltaise,4.8,500,1300,1000,1600
2021-05-26,clémentine,0.0,0,0,0,0
2021-05-26,pommes ,1.4,5000,5500,6500,7500
2021-05-24,thomson,0.0,0,0,0,0
2021-05-24,maltaise,4.0,700,1300,1200,2000
2021-05-24,clémentine,0.0,0,0,0,0
2021-05-24,pommes ,0.0,0,0,0,0
2021-05-21,thomson,0.0,0,0,0,0
2021-05-21,maltaise,4.8,600,1000,700,1500
2021-05-21,clémentine,0.0,0,0,0,0
2021-05-21,pommes ,0.0,0,0,0,0
2021-05-20,thomson,0.0,0,0,0,0
2021-05-20,maltaise,4.0,400,1000,700,1500
2021-05-20,clémentine,0.0,0,0,0,0
2021-05-20,pommes ,0.0,0,0,0,0
2021-05-19,thomson,0.0,0,0,0,0
2021-05-19,maltaise,3.7,300,950,700,1500
2021-05-19,clémentine,0.0,0,0,0,0
2021-05-19,pommes ,0.0,0,0,0,0
2021-05-18,thomson,0.0,0,0,0,0
2021-05-18,maltaise,1.2,1200,1400,1800,2000
2021-05-18,clémentine,0.0,0,0,0,0
2021-05-18,pommes ,0.0,0,0,0,0
2021-05-17,thomson,0.0,0,0,0,0
2021-05-17,maltaise,0.0,1000,1200,1500,2000
2021-05-17,clémentine,0.0,0,0,0,0
2021-05-17,pommes ,0.0,0,0,0,0
2021-05-07,thomson,4.3,800,2000,1500,3000
2021-05-07,maltaise,4.6,600,1300,1000,1800
2021-05-07,clémentine,0.0,0,0,0,0
2021-05-07,pommes ,2.2,3500,6000,5500,8000
2021-05-06,thomson,2.0,1000,2450,1600,3300
2021-05-06,maltaise,3.0,900,1700,1200,2200
2021-05-06,clémentine,0.0,0,0,0,0
2021-05-06,pommes ,2.0,1500,6200,2500,7500
2021-05-05,thomson,3.5,1200,2300,1800,3000
2021-05-05,maltaise,2.5,700,1600,1200,2300
2021-05-05,clémentine,0.0,0,0,0,0
2021-05-05,pommes ,2.6,1500,5900,2000,7700
2021-05-04,thomson,3.7,1200,2500,1800,3500
2021-05-04,maltaise,3.2,1000,1500,1500,2200
2021-05-04,clémentine,0.0,0,0,0,0
2021-05-04,pommes ,2.6,1300,5800,2200,7500
2021-05-03,thomson,6.0,1500,2200,2800,3000
2021-05-03,maltaise,5.8,600,2000,1200,2800
2021-05-03,clémentine,0.0,0,0,0,0
2021-05-03,pommes ,3.4,1000,4000,2000,7500
2021-04-30,thomson,3.0,1900,2000,2500,3000
2021-04-30,maltaise,4.5,700,1500,1000,1600
2021-04-30,clémentine,0.0,0,0,0,0
2021-04-30,pommes ,3.3,3500,6000,6000,7500
2021-04-29,clémentine,0.0,0,0,0,0
2021-04-29,maltaise,2.8,800,1300,1200,1600
2021-04-29,thomson,2.9,1900,2000,2500,3000
2021-04-29,pommes ,2.0,3500,5800,6000,7000
2021-04-28,thomson,2.3,900,2300,1500,3000
2021-04-28,maltaise,2.5,700,1300,1000,2000
2021-04-28,clémentine,0.0,0,0,0,0
2021-04-28,pommes ,1.3,1700,6000,2500,7000
2021-04-27,clémentine,0.0,0,0,0,0
2021-04-27,maltaise,4.0,700,1200,1200,1800
2021-04-27,thomson,3.0,800,2200,1300,3000
2021-04-27,pommes ,1.3,1300,6000,2000,7000
2021-04-26,clémentine,0.0,0,0,0,0
2021-04-26,maltaise,4.5,600,1200,1000,1800
2021-04-26,thomson,5.6,700,2200,1000,3000
2021-04-26,pommes ,3.9,1000,6000,1800,7000
2021-04-23,clémentine,0.0,0,0,0,0
2021-04-23,maltaise,4.5,800,1200,1300,1600
2021-04-23,thomson,6.3,1000,2000,1500,2500
2021-04-23,pommes ,3.8,1800,5800,2500,7000
2021-04-22,clémentine,0.0,0,0,0,0
2021-04-22,maltaise,2.8,1500,2000,2500,2800
2021-04-22,thomson,3.4,1500,2400,2000,3500
2021-04-22,pommes ,1.8,3000,5500,3750,7000
2021-04-21,clémentine,0.0,0,0,0,0
2021-04-21,maltaise,4.2,1200,1800,1700,2300
2021-04-21,thomson,3.5,1600,2500,2200,3500
2021-04-21,pommes ,2.7,300,6000,3800,7000
2021-04-20,clémentine,0.0,0,0,0,0
2021-04-20,maltaise,4.2,1000,1400,1700,2200
2021-04-20,thomson,2.9,1700,2200,2500,3000
2021-04-20,pommes ,2.8,3000,6000,3600,7000
2021-04-19,clémentine,0.0,0,0,0,0
2021-04-19,maltaise,4.3,1000,1300,1500,2100
2021-04-19,thomson,3.8,1800,2200,2500,3200
2021-04-19,pommes ,2.2,3500,4800,4500,7000
2021-04-16,clémentine,0.0,0,0,0,0
2021-04-16,maltaise,5.7,800,1500,1200,2200
2021-04-16,thomson,6.2,1000,2400,1500,3000
2021-04-16,pommes ,4.9,2000,5500,4000,7000
2021-04-15,clémentine,0.0,0,0,0,0
2021-04-15,maltaise,5.0,1200,1500,1500,2350
2021-04-15,thomson,4.2,1500,2200,2000,3400
2021-04-15,pommes ,2.9,3000,5500,4000,6750
2021-04-14,clémentine,0.0,0,0,0,0
2021-04-14,maltaise,4.5,600,1500,1000,2000
2021-04-14,thomson,3.7,1500,2000,2000,3000
2021-04-14,pommes ,2.5,2500,6000,3500,7000
2021-04-13,clémentine,0.0,0,0,0,0
2021-04-13,maltaise,3.5,700,1400,1500,2000
2021-04-13,thomson,2.8,1800,2000,2500,3000
2021-04-13,pommes ,1.6,3000,7000,4000,8000
2021-04-12,clémentine,0.0,0,0,0,0
2021-04-12,maltaise,4.0,700,1400,1200,2000
2021-04-12,thomson,3.7,1000,2000,1600,3000
2021-04-12,pommes ,3.1,1000,5500,2000,7000
2021-04-08,clémentine,0.0,0,0,0,0
2021-04-08,maltaise,3.3,1000,1350,1500,2000
2021-04-08,thomson,2.5,1200,2000,1700,2700
2021-04-08,pommes ,2.4,1400,4500,2000,6000
2021-04-07,clémentine,0.0,0,0,0,0
2021-04-07,maltaise,4.0,1000,1400,1500,2100
2021-04-07,thomson,3.5,1800,2000,2200,2800
2021-04-07,pommes ,2.8,3500,5500,5000,6500
2021-04-06,pommes ,2.1,1500,4500,2400,6500
2021-04-06,clémentine,1.0,1500,1500,2000,2300
2021-04-06,maltaise,4.2,900,1300,1000,1700
2021-04-06,thomson,3.2,1000,2250,1500,2700
2021-04-05,pommes ,3.3,1000,3380,1500,5500
2021-04-05,clémentine,0.4,1000,1500,1500,2000
2021-04-05,maltaise,4.5,800,1180,1000,1500
2021-04-05,thomson,3.6,1500,2300,2000,3000
2021-04-02,clémentine,0.0,0,0,0,0
2021-04-02,maltaise,5.0,700,1300,1000,1800
2021-04-02,thomson,4.0,1200,2000,1500,2500
2021-04-02,pommes ,3.3,2000,4200,3000,5900
2021-04-01,clémentine,0.0,0,0,0,0
2021-04-01,maltaise,4.0,1000,1200,1300,1600
2021-04-01,thomson,3.8,1500,2000,2000,2700
2021-04-01,pommes ,2.0,2000,4000,3000,5500
2021-03-31,pommes ,3.0,1000,5600,1500,6500
2021-03-31,clémentine,1.0,2000,2000,2500,2500
2021-03-31,maltaise,4.5,500,1350,1000,1800
2021-03-31,thomson,1.7,1000,1700,1500,2500
2021-03-30,pommes ,2.9,800,5500,1200,6500
2021-03-30,clémentine,0.5,1700,1800,2200,2500
2021-03-30,maltaise,3.7,600,1300,1000,1800
2021-03-30,thomson,2.8,1200,1700,1600,2700
2021-03-29,pommes ,4.5,1000,6000,2000,7000
2021-03-29,clémentine,0.7,1500,1600,2000,2500
2021-03-29,maltaise,4.8,700,1300,1200,1800
2021-03-29,thomson,4.6,1600,1700,2000,2700
2021-03-26,clémentine,0.0,0,0,0,0
2021-03-26,maltaise,5.6,800,1000,1200,1800
2021-03-26,thomson,3.9,1000,1500,1500,2600
2021-03-26,pommes ,4.5,1000,5500,1500,7000
2021-03-25,clémentine,0.0,0,0,0,0
2021-03-25,maltaise,3.8,800,1200,1200,1600
2021-03-25,thomson,3.0,1000,1800,1500,2600
2021-03-25,pommes ,2.2,1000,5500,1800,7000
2021-03-24,clémentine,0.0,0,0,0,0
2021-03-24,maltaise,3.0,800,1300,1200,1650
2021-03-24,thomson,2.0,1000,2100,1500,2800
2021-03-24,pommes ,1.0,1200,4500,1800,6000
2021-03-23,clémentine,0.0,0,0,0,0
2021-03-23,maltaise,2.8,700,1250,1000,1620
2021-03-23,thomson,2.5,900,2000,1500,2700
2021-03-23,pommes ,2.0,1000,4600,1500,6000
2021-03-22,thomson,3.2,800,2000,1600,2500
2021-03-22,maltaise,4.3,600,1200,1200,1700
2021-03-22,clémentine,0.0,0,0,0,0
2021-03-22,pommes ,2.3,1000,4500,1800,6000
2021-03-19,clémentine,0.0,0,0,0,0
2021-03-19,maltaise,3.4,700,1000,1000,1500
2021-03-19,thomson,4.0,600,1700,1300,2500
2021-03-19,pommes ,3.3,2000,3500,3000,5000
2021-03-18,clémentine,0.0,0,0,0,0
2021-03-18,maltaise,3.0,350,1000,700,1500
2021-03-18,thomson,3.6,1000,1600,1500,2400
2021-03-18,pommes ,2.0,1800,5000,2500,6000
2021-03-17,clémentine,0.0,0,0,0,0
2021-03-17,maltaise,3.5,800,1200,1300,1600
2021-03-17,thomson,4.0,900,1400,1300,2500
2021-03-17,pommes ,3.0,1500,5000,2000,6000
2021-03-16,pommes ,2.5,1800,5000,2500,6000
2021-03-16,clémentine,0.4,2200,2200,2800,3000
2021-03-16,maltaise,3.0,300,1200,800,1500
2021-03-16,thomson,3.8,600,1700,1200,2500
2021-03-15,pommes ,2.8,1000,5000,1800,6000
2021-03-15,clémentine,0.7,1500,1500,2000,2700
2021-03-15,maltaise,3.9,350,1200,700,1500
2021-03-15,thomson,3.7,600,1800,1500,2500
2021-03-12,pommes ,3.3,1000,3800,2000,5000
2021-03-12,clémentine,0.7,2000,2200,2700,3000
2021-03-12,maltaise,4.0,800,1200,1300,1800
2021-03-12,thomson,3.6,1000,1500,1500,2500
2021-03-11,pommes ,2.0,2000,3700,2500,4800
2021-03-11,clémentine,0.7,2000,2200,2500,3000
2021-03-11,maltaise,3.5,800,1000,1000,1500
2021-03-11,thomson,2.5,1200,1800,1800,2700
2021-03-10,pommes ,3.0,2000,3200,2500,5000
2021-03-10,clémentine,1.0,2000,2000,2500,2800
2021-03-10,maltaise,4.5,750,1000,1000,1500
2021-03-10,thomson,1.0,1200,1800,1800,2700
2021-03-09,pommes ,2.0,400,5000,1000,6000
2021-03-09,clémentine,0.9,1400,1800,2000,2500
2021-03-09,maltaise,2.5,400,700,1000,1300
2021-03-09,thomson,2.5,600,1800,1000,2500
2021-03-08,pommes ,3.3,300,5000,1000,6000
2021-03-08,clémentine,2.2,1500,1800,2000,2500
2021-03-08,maltaise,3.4,300,700,600,1250
2021-03-08,thomson,4.0,600,1700,1000,2500
2021-03-05,thomson,3.5,800,1500,1300,2000
2021-03-05,maltaise,5.5,500,900,800,1300
2021-03-05,clémentine,2.0,1200,2100,1800,3000
2021-03-05,pommes ,3.0,1500,3200,2400,4500
2021-03-04,clémentine,0.0,0,0,0,0
2021-03-04,maltaise,3.0,400,900,800,1300
2021-03-04,thomson,2.0,800,1400,1200,2100
2021-03-04,pommes ,2.5,1000,3500,2000,4500
2021-03-03,pommes ,1.4,1300,3500,2000,4500
2021-03-03,clémentine,1.0,1300,2500,1800,3500
2021-03-03,maltaise,2.5,500,1000,800,1300
2021-03-03,thomson,1.5,700,1500,1000,2200
2021-03-02,pommes ,1.7,1000,3500,2000,4500
2021-03-02,clémentine,1.8,1000,2500,1500,3500
2021-03-02,maltaise,3.5,400,1000,800,1400
2021-03-02,thomson,2.5,600,1400,1000,2200
2021-03-01,pommes ,2.3,1200,3500,2000,4500
2021-03-01,clémentine,2.7,800,2500,1500,3500
2021-03-01,maltaise,5.0,300,1000,800,1400
2021-03-01,thomson,4.3,500,1300,900,2000
2021-02-26,pommes ,2.0,1200,3800,1500,4400
2021-02-26,clémentine,2.2,1600,2000,2000,3000
2021-02-26,maltaise,5.8,500,1000,800,1300
2021-02-26,thomson,3.9,700,1200,1200,1600
2021-02-25,thomson,2.2,480,1700,900,2300
2021-02-25,maltaise,4.4,390,960,800,1320
2021-02-25,clémentine,1.5,1450,2000,2000,2800
2021-02-25,pommes ,0.8,900,3800,1500,4400
2021-02-24,pommes ,2.8,1200,4000,1500,4500
2021-02-24,clémentine,2.0,1400,2000,2000,3000
2021-02-24,maltaise,3.9,350,900,600,1200
2021-02-24,thomson,4.0,500,1700,1000,2500
2021-02-23,pommes ,2.7,1000,3800,1500,4500
2021-02-23,clémentine,1.0,1500,2100,2000,3000
2021-02-23,maltaise,3.7,400,900,800,1200
2021-02-23,thomson,3.5,400,1600,1000,2500
2021-02-22,pommes ,2.8,1000,3900,1500,5000
2021-02-22,clémentine,1.5,1500,2800,2000,3000
2021-02-22,maltaise,4.0,500,1000,1000,1300
2021-02-22,thomson,3.0,600,1800,1000,2300
2021-02-19,pommes ,1.8,1500,4000,2500,5000
2021-02-19,clémentine,2.6,1500,2300,2000,3000
2021-02-19,maltaise,5.7,600,800,1000,1200
2021-02-19,thomson,4.5,600,1550,1000,2500
2021-02-18,pommes ,2.5,1200,4000,2500,5000
2021-02-18,clémentine,2.0,1000,2000,1500,2800
2021-02-18,maltaise,4.0,400,800,800,1200
2021-02-18,thomson,3.0,600,1800,1000,2500
2021-02-17,pommes ,3.7,2000,3500,4000,5000
2021-02-17,clémentine,1.8,700,1500,1200,2600
2021-02-17,maltaise,2.3,600,700,1000,1200
2021-02-17,thomson,2.0,900,1600,1200,2500
2021-02-12,pommes ,1.5,1200,3500,2000,4200
2021-02-12,clémentine,2.0,1800,2000,2500,3000
2021-02-12,maltaise,5.5,500,800,1000,1200
2021-02-12,thomson,4.5,900,1400,1000,2000
2021-02-11,pommes ,1.3,1000,3500,2000,4120
2021-02-11,clémentine,1.5,1500,2000,2000,2800
2021-02-11,maltaise,2.8,800,1000,1000,1300
2021-02-11,thomson,2.7,800,1200,1000,2000
2021-02-10,pommes ,2.8,1000,2700,1500,3800
2021-02-10,clémentine,2.0,900,2100,1500,2700
2021-02-10,maltaise,3.0,400,700,700,1200
2021-02-10,thomson,2.5,700,1850,1000,2500
2021-02-09,pommes ,3.5,800,2800,1500,3750
2021-02-09,clémentine,2.7,1000,2000,1600,2600
2021-02-09,maltaise,4.5,400,800,700,1200
2021-02-09,thomson,4.5,600,1500,1000,2500
2021-02-08,clémentine,3.5,700,1200,1000,1500
2021-02-08,maltaise,4.6,400,700,800,1000
2021-02-08,thomson,3.5,500,1000,800,1600
2021-02-05,pommes ,3.4,1600,3000,3000,4500
2021-02-05,clémentine,2.1,1200,1800,2000,2800
2021-02-05,maltaise,3.3,500,700,800,1200
2021-02-05,thomson,3.5,800,1000,1200,1400
2021-02-04,pommes ,3.6,1500,3000,2200,4500
2021-02-04,clémentine,1.9,1000,1600,1700,2500
2021-02-04,maltaise,3.2,500,700,800,1250
2021-02-04,thomson,3.6,800,1200,1200,1500
2021-02-03,pommes ,2.4,1500,2800,3000,4500
2021-02-03,clémentine,1.6,1000,1500,1700,2500
2021-02-03,maltaise,2.8,500,700,800,1200
2021-02-03,thomson,3.3,800,1000,1200,1500
2021-02-02,pommes ,3.6,1000,2800,1400,3800
2021-02-02,clémentine,3.2,1000,2000,1500,2600
2021-02-02,maltaise,4.0,500,700,800,1200
2021-02-02,thomson,3.8,700,1500,1000,2200
2021-02-01,pommes ,2.6,1500,2500,2000,3500
2021-02-01,clémentine,2.0,1400,2000,2000,2500
2021-02-01,maltaise,2.8,400,700,700,1000
2021-02-01,thomson,3.7,600,1000,1000,1500
2021-01-29,pommes ,3.6,1500,2500,2300,3500
2021-01-29,clémentine,2.9,1200,1500,2000,2500
2021-01-29,maltaise,3.0,500,700,800,1300
2021-01-29,thomson,4.3,700,1000,900,1400
2021-01-28,pommes ,3.0,1000,2200,1500,3500
2021-01-28,clémentine,1.9,700,1400,1000,2200
2021-01-28,maltaise,3.4,400,800,800,1600
2021-01-28,thomson,3.3,500,1000,1200,2400
2021-01-25,pommes ,2.8,1200,2400,1700,3600
2021-01-25,clémentine,2.7,800,1400,1200,2600
2021-01-25,maltaise,3.8,500,700,800,1100
2021-01-25,thomson,3.2,600,1000,1000,1500
2021-01-22,thomson,3.3,600,1000,1000,1900
2021-01-22,maltaise,3.6,600,700,800,1100
2021-01-22,clémentine,3.2,800,1400,1500,2200
2021-01-22,pommes ,2.6,1600,2500,2000,3600
2021-01-21,thomson,2.8,700,1150,1000,2000
2021-01-21,maltaise,3.3,500,600,800,1000
2021-01-21,clémentine,3.7,800,1350,1300,2000
2021-01-21,pommes ,2.4,1500,2600,2000,3700
2021-01-20,thomson,3.7,1000,1500,1500,2000
2021-01-20,maltaise,3.4,500,700,1000,1200
2021-01-20,clémentine,3.4,1000,1750,1500,2200
2021-01-20,pommes ,4.2,800,2400,1500,3000
2021-01-18,thomson,3.9,900,1200,1400,2000
2021-01-18,maltaise,4.2,500,700,1000,1200
2021-01-18,clémentine,4.8,1200,1600,1500,2400
2021-01-18,pommes ,4.0,600,2200,1500,3000
2021-01-13,thomson,2.8,1000,1200,1400,2000
2021-01-13,maltaise,2.4,500,700,1000,1200
2021-01-13,clémentine,2.0,1000,1600,1500,2000
2021-01-13,pommes ,2.9,1000,3000,1500,4000
2021-01-12,thomson,3.2,900,1000,1600,2000
2021-01-12,maltaise,3.4,500,700,1000,1200
2021-01-12,clémentine,2.8,1200,1500,1800,2200
2021-01-12,pommes ,3.8,1000,3000,1500,4000
2021-01-11,thomson,3.5,800,1000,1200,1800
2021-01-11,maltaise,2.5,500,700,900,1000
2021-01-11,clémentine,3.0,1000,1200,1500,2000
2021-01-11,pommes ,2.8,600,3000,1500,4000
2021-01-08,thomson,3.6,600,1000,1300,2000
2021-01-08,maltaise,2.8,500,700,1000,1300
2021-01-08,clémentine,2.0,800,1500,1500,2200
2021-01-08,pommes ,1.5,2000,3000,3500,4000
2021-01-07,thomson,3.4,750,1000,1500,2000
2021-01-07,maltaise,3.5,800,1000,1200,1500
2021-01-07,clémentine,2.8,800,1400,1400,2200
2021-01-07,pommes ,1.6,2500,3000,3500,4000
2021-01-06,thomson,2.4,900,1100,1600,2000
2021-01-06,maltaise,2.5,1000,1200,1300,1500
2021-01-06,clémentine,2.7,700,1350,1400,2000
2021-01-06,pommes ,1.2,2000,3000,2800,3800
2021-01-05,thomson,3.0,800,1000,1200,2000
2021-01-05,maltaise,4.2,600,800,800,1000
2021-01-05,clémentine,3.4,500,1300,1400,2000
2021-01-05,pommes ,1.8,2000,3000,2800,3500
2021-01-04,thomson,3.4,800,1300,1200,1700
2021-01-04,maltaise,4.2,600,800,900,1200
2021-01-04,clémentine,3.8,1300,1700,1800,2000
2021-01-04,pommes ,3.2,2000,2500,2500,3500
2020-12-16,thomson,1.5,700,1100,1200,1800
2020-12-16,maltaise,3.0,600,800,1000,1200
2020-12-16,clémentine,3.5,1300,1800,1800,2500
2020-12-16,pommes ,3.0,1300,2500,2000,3500
2020-12-15,thomson,2.0,500,800,900,1200
2020-12-15,maltaise,2.5,400,700,700,1000
2020-12-15,clémentine,4.5,1000,1400,1500,2000
2020-12-15,pommes ,2.0,1500,2000,2000,3100
2020-12-14,thomson,4.0,600,1200,800,1500
2020-12-14,maltaise,5.0,450,800,700,1000
2020-12-14,clémentine,6.0,500,1175,700,1800
2020-12-14,pommes ,3.7,1000,2400,1000,3000
2020-12-11,thomson,3.9,500,1200,1000,2000
2020-12-11,maltaise,3.8,400,800,700,1200
2020-12-11,clémentine,7.7,450,1175,800,1800
2020-12-11,pommes ,4.8,800,2500,1500,3200
2020-12-10,thomson,2.6,650,1100,1000,1700
2020-12-10,maltaise,2.5,600,700,800,1100
2020-12-10,clémentine,3.3,800,1600,1500,2500
2020-12-10,pommes ,3.7,900,2800,1500,3500
2020-12-09,thomson,3.0,700,1100,1100,1700
2020-12-09,maltaise,3.2,500,700,700,1100
2020-12-09,clémentine,4.2,700,1600,1200,2500
2020-12-09,pommes ,4.0,1000,2800,1500,3500
2020-12-08,thomson,2.9,730,1000,1120,1700
2020-12-08,maltaise,2.2,400,800,700,1200
2020-12-08,clémentine,4.2,500,1500,1000,2200
2020-12-08,pommes ,3.9,700,2400,1000,2800
2020-12-07,thomson,2.5,800,1200,1300,2000
2020-12-07,maltaise,1.5,600,800,800,1250
2020-12-07,clémentine,5.5,700,1800,1000,2500
2020-12-07,pommes ,3.3,900,2400,1500,3100
2020-12-04,thomson,2.0,1000,1200,1500,2000
2020-12-04,maltaise,1.0,600,800,1000,1200
2020-12-04,clémentine,7.8,1200,1800,1500,2500
2020-12-04,pommes ,5.5,1000,2300,1500,3000
2020-12-03,thomson,2.0,700,1300,1000,2000
2020-12-03,maltaise,2.5,700,800,1000,1300
2020-12-03,clémentine,3.5,1200,2200,1500,3000
2020-12-03,pommes ,2.5,1500,2800,2000,3700
2020-12-02,thomson,3.0,600,1500,1000,2200
2020-12-02,maltaise,2.0,700,750,1100,1250
2020-12-02,clémentine,4.0,900,1800,1500,2600
2020-12-02,pommes ,3.0,1000,2500,1500,3500
2020-12-01,thomson,3.5,1000,1340,1500,2300
2020-12-01,maltaise,1.8,800,830,0,0
2020-12-01,clémentine,4.2,700,1760,1200,2500
2020-12-01,pommes ,3.7,880,2200,2000,3500
2020-11-27,thomson,2.8,1100,1600,1800,2500
2020-11-27,maltaise,0.0,0,0,0,0
2020-11-27,clémentine,4.9,1200,1800,1800,2600
2020-11-27,pommes ,6.0,1350,2200,2000,3800
2020-11-26,thomson,2.5,1000,1500,1500,2500
2020-11-26,maltaise,0.0,0,0,0,0
2020-11-26,clémentine,4.5,1000,2000,2000,3000
2020-11-26,pommes ,3.0,1500,3000,2000,4200
2020-11-25,thomson,3.8,800,1600,1500,2500
2020-11-25,maltaise,0.0,0,0,0,0
2020-11-25,clémentine,4.0,1000,1800,1500,2700
2020-11-25,pommes ,4.0,1000,2800,1700,4000
2020-11-24,thomson,3.5,800,1800,1500,2400
2020-11-24,maltaise,0.0,0,0,0,0
2020-11-24,clémentine,3.7,1400,2000,2000,2700
2020-11-24,pommes ,2.8,1500,3000,2000,4000
2020-11-23,thomson,4.5,1000,1500,1500,2200
2020-11-23,maltaise,0.0,0,0,0,0
2020-11-23,clémentine,4.5,1000,1300,1500,2500
2020-11-23,pommes ,4.6,1000,3000,2000,3800
2020-11-20,thomson,3.3,800,1400,1500,2000
2020-11-20,maltaise,0.0,0,0,0,0
2020-11-20,clémentine,6.3,1000,1400,1500,2300
2020-11-20,pommes ,5.3,1550,2350,2800,3500
2020-11-19,thomson,3.4,900,1400,1500,2000
2020-11-19,maltaise,0.0,0,0,0,0
2020-11-19,clémentine,4.3,1000,1700,1500,2500
2020-11-19,pommes ,2.8,1500,3000,2000,4200
2020-11-18,thomson,3.7,600,1350,1000,2000
2020-11-18,maltaise,0.0,0,0,0,0
2020-11-18,clémentine,4.8,550,1800,1000,2700
2020-11-18,pommes ,2.7,700,3500,1500,4500
2020-11-17,thomson,3.0,1200,1300,1800,2000
2020-11-17,maltaise,0.0,0,0,0,0
2020-11-17,clémentine,5.0,1100,1350,1500,2500
2020-11-17,pommes ,3.0,1500,3300,2000,4500
2020-11-16,thomson,3.5,1000,1400,1800,2000
2020-11-16,maltaise,0.0,0,0,0,0
2020-11-16,clémentine,4.5,1200,1400,1500,2500
2020-11-16,pommes ,3.5,1000,3000,2000,4500
2020-11-13,thomson,3.5,900,1500,1500,2200
2020-11-13,maltaise,0.0,0,0,0,0
2020-11-13,clémentine,6.0,1000,2500,1500,3200
2020-11-13,pommes ,4.0,1000,3000,2000,4500
2020-11-12,thomson,4.2,900,1400,1500,2200
2020-11-12,maltaise,0.0,0,0,0,0
2020-11-12,clémentine,3.0,800,1800,2000,3000
2020-11-12,pommes ,2.1,2000,2700,3000,3500
2020-11-11,thomson,3.3,1000,1700,1700,2200
2020-11-11,maltaise,0.0,0,0,0,0
2020-11-11,clémentine,4.8,1500,2700,2200,3500
2020-11-11,pommes ,3.1,1500,3000,2500,4500
2020-11-10,thomson,2.5,1000,1800,1500,2500
2020-11-10,maltaise,0.0,0,0,0,0
2020-11-10,clémentine,4.5,2000,3000,2700,4000
2020-11-10,pommes ,2.5,1000,3200,1500,4000
2020-11-09,thomson,2.7,800,1400,1400,2200
2020-11-09,maltaise,0.0,0,0,0,0
2020-11-09,clémentine,3.5,2000,3000,2500,3900
2020-11-09,pommes ,3.6,1000,2800,1800,4000
2020-11-06,thomson,3.7,800,1600,1400,2400
2020-11-06,maltaise,0.0,0,0,0,0
2020-11-06,clémentine,4.8,1500,2200,2000,3800
2020-11-06,pommes ,3.7,1500,2500,2000,3500
2020-11-05,thomson,3.0,1000,2200,1700,3000
2020-11-05,maltaise,0.0,0,0,0,0
2020-11-05,clémentine,3.5,1800,3100,2500,4000
2020-11-05,pommes ,2.7,1000,3000,2000,4200
2020-11-04,thomson,2.3,1200,2000,1700,2700
2020-11-04,maltaise,0.0,0,0,0,0
2020-11-04,clémentine,4.0,1500,3000,2500,4000
2020-11-04,pommes ,3.4,500,2200,1500,3600
2020-11-02,thomson,2.6,1000,1400,1800,2200
2020-11-02,maltaise,0.0,0,0,0,0
2020-11-02,clémentine,3.4,2000,2800,2800,3500
2020-11-02,pommes ,3.7,300,2500,1000,3500
2020-10-28,thomson,2.0,800,1200,1000,1700
2020-10-28,maltaise,0.0,0,0,0,0
2020-10-28,clémentine,3.7,1400,2000,2000,3000
2020-10-28,pommes ,3.8,1300,2200,1800,3000
2020-10-27,thomson,2.5,700,1200,1000,1700
2020-10-27,maltaise,0.0,0,0,0,0
2020-10-27,clémentine,5.0,1200,2000,2000,3000
2020-10-27,pommes ,4.0,1300,2200,1800,2800
2020-10-26,thomson,3.3,500,1000,1000,1500
2020-10-26,maltaise,0.0,0,0,0,0
2020-10-26,clémentine,7.5,1000,1500,2000,3000
2020-10-26,pommes ,6.3,1000,1700,1500,2800
2020-10-23,thomson,0.0,0,0,0,0
2020-10-23,maltaise,0.0,0,0,0,0
2020-10-23,clémentine,6.7,1600,2200,2200,2800
2020-10-23,pommes ,6.8,1000,2400,1800,3700
2020-10-22,thomson,0.0,0,0,0,0
2020-10-22,maltaise,0.0,0,0,0,0
2020-10-22,clémentine,3.5,1500,2600,2000,3500
2020-10-22,pommes ,5.5,1000,2900,1500,4000
2020-10-21,thomson,0.0,0,0,0,0
2020-10-21,maltaise,0.0,0,0,0,0
2020-10-21,clémentine,3.5,1500,2600,2000,3500
2020-10-21,pommes ,5.5,1000,2900,1500,4000
2020-10-20,thomson,0.0,0,0,0,0
2020-10-20,maltaise,0.0,0,0,0,0
2020-10-20,clémentine,4.0,1300,2500,2000,3500
2020-10-20,pommes ,4.2,600,2500,1000,3500
2020-10-19,thomson,0.0,0,0,0,0
2020-10-19,maltaise,0.0,0,0,0,0
2020-10-19,clémentine,3.5,2000,2500,3000,4000
2020-10-19,pommes ,5.0,500,2700,1500,4000
2020-10-16,thomson,0.0,0,0,0,0
2020-10-16,maltaise,0.0,0,0,0,0
2020-10-16,clémentine,3.5,2000,2800,3000,3500
2020-10-16,pommes ,4.5,1300,2500,2000,3800
2020-10-14,thomson,0.0,0,0,0,0
2020-10-14,maltaise,0.0,0,0,0,0
2020-10-14,clémentine,1.4,2500,3200,3500,4000
2020-10-14,pommes ,3.5,500,2400,1000,3500
2020-10-13,thomson,0.0,0,0,0,0
2020-10-13,maltaise,0.0,0,0,0,0
2020-10-13,clémentine,1.7,3000,3500,4000,4500
2020-10-13,pommes ,5.4,500,2500,1000,3600
2020-10-12,thomson,0.0,0,0,0,0
2020-10-12,maltaise,0.0,0,0,0,0
2020-10-12,clémentine,1.5,3000,3500,4000,4500
2020-10-12,pommes ,4.3,500,2500,2000,3600
2020-10-09,thomson,0.0,0,0,0,0
2020-10-09,maltaise,0.0,0,0,0,0
2020-10-09,clémentine,0.0,0,0,0,0
2020-10-09,pommes ,5.2,1500,2700,2000,3800
2020-10-08,thomson,0.0,0,0,0,0
2020-10-08,maltaise,0.0,0,0,0,0
2020-10-08,clémentine,0.0,0,0,0,0
2020-10-08,pommes ,4.5,700,3000,1000,4000
2020-10-07,pommes ,5.2,1350,3100,2000,4000
2020-10-07,clémentine,0.0,0,0,0,0
2020-10-07,maltaise,0.0,0,0,0,0
2020-10-07,thomson,0.0,0,0,0,0
2020-10-06,pommes ,6.8,1500,3000,2000,4000
2020-10-06,clémentine,0.0,0,0,0,0
2020-10-06,maltaise,0.0,0,0,0,0
2020-10-06,thomson,0.0,0,0,0,0
2020-10-05,thomson,0.0,0,0,0,0
2020-10-05,maltaise,0.0,0,0,0,0
2020-10-05,clémentine,1.2,3000,4000,4500,5000
2020-10-05,pommes ,6.9,1300,3000,2000,4000
2020-10-02,thomson,0.0,0,0,0,0
2020-10-02,maltaise,0.0,0,0,0,0
2020-10-02,clémentine,0.4,3600,4500,5000,5500
2020-10-02,pommes ,6.7,1400,3200,2000,4000
2020-10-01,clémentine,0.7,3800,4800,5500,5500
2020-10-01,maltaise,0.0,0,0,0,0
2020-10-01,pommes ,4.5,1200,3000,1500,4000
2020-10-01,thomson,0.0,0,0,0,0
2020-09-30,pommes ,5.3,1000,2700,1600,3800
2020-09-30,clémentine,0.5,4000,5000,6000,6000
2020-09-30,maltaise,0.0,0,0,0,0
2020-09-30,thomson,0.0,0,0,0,0
2020-09-29,maltaise,0.0,0,0,0,0
2020-09-29,clémentine,0.3,4000,5000,6000,6000
2020-09-29,pommes ,8.0,700,2700,1000,3600
2020-09-29,thomson,0.0,0,0,0,0
2020-09-28,maltaise,0.0,0,0,0,0
2020-09-28,clémentine,0.6,4500,5000,6000,6000
2020-09-28,pommes ,7.5,500,2400,1000,3300
2020-09-28,thomson,0.0,0,0,0,0
2020-09-25,maltaise,0.0,0,0,0,0
2020-09-25,clémentine,0.2,4800,5000,6000,6000
2020-09-25,pommes ,7.9,1200,2800,1500,3700
2020-09-25,thomson,0.0,0,0,0,0
2020-09-24,thomson,0.0,0,0,0,0
2020-09-24,maltaise,0.0,0,0,0,0
2020-09-24,clémentine,0.0,0,0,0,0
2020-09-24,pommes ,6.6,1000,2700,1500,3800
2020-09-23,thomson,0.0,0,0,0,0
2020-09-23,maltaise,0.0,0,0,0,0
2020-09-23,clémentine,0.0,0,0,0,0
2020-09-23,pommes ,5.8,400,2500,800,3600
2020-09-22,pommes ,7.4,285,2300,700,3400
2020-09-22,clémentine,0.0,0,0,0,0
2020-09-22,maltaise,0.0,0,0,0,0
2020-09-22,thomson,0.0,0,0,0,0
2020-09-21,thomson,0.0,0,0,0,0
2020-09-21,maltaise,0.0,0,0,0,0
2020-09-21,clémentine,0.0,0,0,0,0
2020-09-21,pommes ,6.5,350,2000,1000,3000
2020-09-18,thomson,0.0,0,0,0,0
2020-09-18,maltaise,0.0,0,0,0,0
2020-09-18,clémentine,0.0,0,0,0,0
2020-09-18,pommes ,11.2,250,1800,1000,2500
2020-09-17,thomson,0.0,0,0,0,0
2020-09-17,maltaise,0.0,0,0,0,0
2020-09-17,clémentine,0.0,0,0,0,0
2020-09-17,pommes ,7.0,300,1500,1000,2500
2020-09-16,thomson,0.0,0,0,0,0
2020-09-16,maltaise,0.0,0,0,0,0
2020-09-16,clémentine,0.0,0,0,0,0
2020-09-16,pommes ,8.5,500,1900,1000,3000
2020-09-15,thomson,0.0,0,0,0,0
2020-09-15,maltaise,0.0,0,0,0,0
2020-09-15,clémentine,0.0,0,0,0,0
2020-09-15,pommes ,7.7,500,2000,1000,2800
2020-09-14,thomson,0.0,0,0,0,0
2020-09-14,maltaise,0.0,0,0,0,0
2020-09-14,clémentine,0.0,0,0,0,0
2020-09-14,pommes ,9.9,700,1800,1000,2900
2020-09-11,thomson,0.0,0,0,0,0
2020-09-11,maltaise,0.0,0,0,0,0
2020-09-11,clémentine,0.0,0,0,0,0
2020-09-11,pommes ,11.4,335,1500,1000,2500
2020-09-08,thomson,0.0,0,0,0,0
2020-09-08,maltaise,0.0,0,0,0,0
2020-09-08,clémentine,0.0,0,0,0,0
2020-09-08,pommes ,5.0,250,2200,1000,3000
2020-09-07,thomson,0.0,0,0,0,0
2020-09-07,maltaise,0.0,0,0,0,0
2020-09-07,clémentine,0.0,0,0,0,0
2020-09-07,pommes ,5.7,300,2000,1000,2700
2020-09-04,pommes ,7.7,300,1200,1000,2600
2020-09-04,clémentine,0.0,0,0,0,0
2020-09-04,maltaise,0.0,0,0,0,0
2020-09-04,thomson,0.0,0,0,0,0
2020-09-03,thomson,0.0,0,0,0,0
2020-09-03,maltaise,0.0,0,0,0,0
2020-09-03,clémentine,0.0,0,0,0,0
2020-09-03,pommes ,8.5,350,1650,1000,2200
2020-09-02,pommes ,7.3,300,1500,1000,2900
2020-09-02,clémentine,0.0,0,0,0,0
2020-09-02,maltaise,0.0,0,0,0,0
2020-09-02,thomson,0.0,0,0,0,0
2020-09-01,thomson,0.0,0,0,0,0
2020-09-01,maltaise,0.0,0,0,0,0
2020-09-01,clémentine,0.0,0,0,0,0
2020-09-01,pommes ,4.0,450,2000,1000,3000
2020-08-31,pommes ,3.5,400,2200,1000,3300
2020-08-31,clémentine,0.0,0,0,0,0
2020-08-31,thomson,0.0,0,0,0,0
2020-08-31,maltaise,0.0,0,0,0,0
2020-08-28,thomson,0.0,0,0,0,0
2020-08-28,maltaise,0.0,0,0,0,0
2020-08-28,clémentine,0.0,0,0,0,0
2020-08-28,pommes ,4.2,600,1300,2000,3500
2020-08-27,thomson,0.0,0,0,0,0
2020-08-27,maltaise,0.0,0,0,0,0
2020-08-27,clémentine,0.0,0,0,0,0
2020-08-27,pommes ,4.8,500,2800,1000,4000
2020-08-26,thomson,0.0,0,0,0,0
2020-08-26,maltaise,0.0,0,0,0,0
2020-08-26,clémentine,0.0,0,0,0,0
2020-08-26,pommes ,4.0,350,2700,1200,3500
2020-08-25,thomson,0.0,0,0,0,0
2020-08-25,maltaise,0.0,0,0,0,0
2020-08-25,clémentine,0.0,0,0,0,0
2020-08-25,pommes ,3.8,750,2900,1200,3800
2020-08-24,thomson,0.0,0,0,0,0
2020-08-24,maltaise,0.0,0,0,0,0
2020-08-24,clémentine,0.0,0,0,0,0
2020-08-24,pommes ,4.5,700,3000,1500,4000
2020-08-21,thomson,0.0,0,0,0,0
2020-08-21,maltaise,0.0,0,0,0,0
2020-08-21,clémentine,0.0,0,0,0,0
2020-08-21,pommes ,4.8,400,2500,1000,3200
2020-08-19,pommes ,3.9,500,2500,1500,3200
2020-08-19,clémentine,0.0,0,0,0,0
2020-08-19,thomson,0.0,0,0,0,0
2020-08-19,maltaise,0.0,0,0,0,0
2020-08-18,pommes ,3.5,700,2500,1500,3000
2020-08-18,clémentine,0.0,0,0,0,0
2020-08-18,maltaise,0.0,0,0,0,0
2020-08-18,thomson,0.0,0,0,0,0
2020-08-17,thomson,0.0,0,0,0,0
2020-08-17,maltaise,0.0,0,0,0,0
2020-08-17,clémentine,0.0,0,0,0,0
2020-08-17,pommes ,5.9,500,3000,1000,3500
2020-08-14,thomson,0.0,0,0,0,0
2020-08-14,maltaise,0.0,0,0,0,0
2020-08-14,clémentine,0.0,0,0,0,0
2020-08-14,pommes ,4.8,500,2500,1500,3500
2020-08-12,thomson,0.0,0,0,0,0
2020-08-12,maltaise,0.0,0,0,0,0
2020-08-12,clémentine,0.0,0,0,0,0
2020-08-12,pommes ,3.0,600,3000,1500,3800
2020-08-11,thomson,0.0,0,0,0,0
2020-08-11,maltaise,0.0,0,0,0,0
2020-08-11,clémentine,0.0,0,0,0,0
2020-08-11,pommes ,2.4,500,3000,1000,4000
2020-08-10,thomson,0.0,0,0,0,0
2020-08-10,maltaise,0.0,0,0,0,0
2020-08-10,clémentine,0.0,0,0,0,0
2020-08-10,pommes ,4.8,500,3000,1500,3700
2020-08-07,thomson,0.0,0,0,0,0
2020-08-07,maltaise,0.0,0,0,0,0
2020-08-07,clémentine,0.0,0,0,0,0
2020-08-07,pommes ,2.5,2000,2600,2500,3500
2020-08-06,thomson,0.0,0,0,0,0
2020-08-06,maltaise,0.0,0,0,0,0
2020-08-06,clémentine,0.0,0,0,0,0
2020-08-06,pommes ,1.4,2100,2500,2500,3500
2020-08-05,thomson,0.0,0,0,0,0
2020-08-05,maltaise,0.0,0,0,0,0
2020-08-05,clémentine,0.0,0,0,0,0
2020-08-05,pommes ,1.1,1600,2500,2500,3500
2020-08-04,thomson,0.0,0,0,0,0
2020-08-04,maltaise,0.0,0,0,0,0
2020-08-04,clémentine,0.0,0,0,0,0
2020-08-04,pommes ,1.3,2100,2300,3000,3400
2020-08-03,thomson,0.0,0,0,0,0
2020-08-03,maltaise,0.0,0,0,0,0
2020-08-03,clémentine,0.0,0,0,0,0
2020-08-03,pommes ,0.7,2000,2000,3000,3000
2020-07-30,thomson,0.0,0,0,0,0
2020-07-30,maltaise,0.0,0,0,0,0
2020-07-30,clémentine,0.0,0,0,0,0
2020-07-30,pommes ,6.0,1000,3400,1500,4800
2020-07-29,thomson,0.0,0,0,0,0
2020-07-29,maltaise,0.0,0,0,0,0
2020-07-29,clémentine,0.0,0,0,0,0
2020-07-29,pommes ,5.9,700,4000,1500,4800
2020-07-28,thomson,0.0,0,0,0,0
2020-07-28,maltaise,0.0,0,0,0,0
2020-07-28,clémentine,0.0,0,0,0,0
2020-07-28,pommes ,5.4,500,3700,1500,4600
2020-07-27,thomson,0.0,0,0,0,0
2020-07-27,maltaise,0.0,0,0,0,0
2020-07-27,clémentine,0.0,0,0,0,0
2020-07-27,pommes ,6.5,500,3500,1500,4500
2020-07-24,thomson,0.0,0,0,0,0
2020-07-24,maltaise,0.0,0,0,0,0
2020-07-24,clémentine,0.0,0,0,0,0
2020-07-24,pommes ,4.0,800,3300,1500,4200
2020-07-23,thomson,0.0,0,0,0,0
2020-07-23,maltaise,0.0,0,0,0,0
2020-07-23,clémentine,0.0,0,0,0,0
2020-07-23,pommes ,3.0,1700,3000,2200,3800
2020-07-22,thomson,0.0,0,0,0,0
2020-07-22,maltaise,0.0,0,0,0,0
2020-07-22,clémentine,0.0,0,0,0,0
2020-07-22,pommes ,2.5,1500,3000,2000,3800
2020-07-21,thomson,0.0,0,0,0,0
2020-07-21,maltaise,0.0,0,0,0,0
2020-07-21,clémentine,0.0,0,0,0,0
2020-07-21,pommes ,2.2,2000,2800,2500,3500
2020-07-20,thomson,0.0,0,0,0,0
2020-07-20,maltaise,0.0,0,0,0,0
2020-07-20,clémentine,0.0,0,0,0,0
2020-07-20,pommes ,4.7,2000,2500,2500,3500
2020-07-17,thomson,0.0,0,0,0,0
2020-07-17,maltaise,0.0,0,0,0,0
2020-07-17,clémentine,0.0,0,0,0,0
2020-07-17,pommes ,3.3,1200,3500,2000,4500
2020-07-16,thomson,0.0,0,0,0,0
2020-07-16,maltaise,0.0,0,0,0,0
2020-07-16,clémentine,0.0,0,0,0,0
2020-07-16,pommes ,2.6,2000,3500,3000,4500
2020-07-15,thomson,0.0,0,0,0,0
2020-07-15,maltaise,0.0,0,0,0,0
2020-07-15,clémentine,0.0,0,0,0,0
2020-07-15,pommes ,1.8,1800,3600,2500,4500
2020-07-14,thomson,0.0,0,0,0,0
2020-07-14,maltaise,0.0,0,0,0,0
2020-07-14,clémentine,0.0,0,0,0,0
2020-07-14,pommes ,2.5,2000,3500,2500,4500
2020-07-13,thomson,0.0,0,0,0,0
2020-07-13,maltaise,0.0,0,0,0,0
2020-07-13,clémentine,0.0,0,0,0,0
2020-07-13,pommes ,4.5,1500,3000,2000,3800
2020-07-10,thomson,0.0,0,0,0,0
2020-07-10,maltaise,0.0,0,0,0,0
2020-07-10,clémentine,0.0,0,0,0,0
2020-07-10,pommes ,3.0,2000,2800,2700,3500
2020-07-09,thomson,0.0,0,0,0,0
2020-07-09,maltaise,0.0,0,0,0,0
2020-07-09,clémentine,0.0,0,0,0,0
2020-07-09,pommes ,1.1,2300,2800,3000,3400
2020-07-07,thomson,0.0,0,0,0,0
2020-07-07,maltaise,0.0,0,0,0,0
2020-07-07,clémentine,0.0,0,0,0,0
2020-07-07,pommes ,2.9,1500,3000,2500,4000
2020-07-06,thomson,0.0,0,0,0,0
2020-07-06,maltaise,0.0,0,0,0,0
2020-07-06,clémentine,0.0,0,0,0,0
2020-07-06,pommes ,3.5,1000,3600,2000,4500
2020-07-03,pommes ,4.5,1330,3450,2200,4500
2020-07-02,pommes ,2.0,1600,3500,2500,4500
2020-07-01,pommes ,2.2,1800,3500,2500,4500
2020-06-30,pommes ,2.5,1500,3500,2000,4500
2020-06-29,thomson,0.0,0,0,0,0
2020-06-29,maltaise,0.0,0,0,0,0
2020-06-29,clémentine,0.0,0,0,0,0
2020-06-29,pommes ,4.0,800,3500,2000,4200
2020-06-26,thomson,0.0,0,0,0,0
2020-06-26,maltaise,0.0,0,0,0,0
2020-06-26,clémentine,0.0,0,0,0,0
2020-06-26,pommes ,3.3,2000,3500,2500,4200
2020-06-25,thomson,0.0,0,0,0,0
2020-06-25,maltaise,0.0,0,0,0,0
2020-06-25,clémentine,0.0,0,0,0,0
2020-06-25,pommes ,2.8,1000,2100,1500,3000
2020-06-23,thomson,0.0,0,0,0,0
2020-06-23,maltaise,0.0,0,0,0,0
2020-06-23,clémentine,0.0,0,0,0,0
2020-06-23,pommes ,2.0,1200,2300,2000,3000
2020-06-22,thomson,0.0,0,0,0,0
2020-06-22,maltaise,0.0,0,0,0,0
2020-06-22,clémentine,0.0,0,0,0,0
2020-06-22,pommes ,3.2,1000,2200,2000,3000
2020-06-19,thomson,0.0,0,0,0,0
2020-06-19,maltaise,0.0,0,0,0,0
2020-06-19,clémentine,0.0,0,0,0,0
2020-06-19,pommes ,2.2,1500,2000,2500,3000
2020-06-17,pommes ,1.2,2200,2300,2800,3500
2020-06-17,clémentine,0.0,0,0,0,0
2020-06-17,maltaise,0.0,0,0,0,0
2020-06-17,thomson,0.0,0,0,0,0
2020-06-16,thomson,0.0,0,0,0,0
2020-06-16,maltaise,0.0,0,0,0,0
2020-06-16,clémentine,0.0,0,0,0,0
2020-06-16,pommes ,2.0,1800,2000,2800,3000
2020-06-15,thomson,0.0,0,0,0,0
2020-06-15,maltaise,0.0,0,0,0,0
2020-06-15,clémentine,0.0,0,0,0,0
2020-06-15,pommes ,2.0,2000,2500,2500,3000
2020-06-11,pommes ,3.2,1000,2100,2000,3000
2020-06-11,clémentine,0.0,0,0,0,0
2020-06-11,maltaise,0.0,0,0,0,0
2020-06-11,thomson,0.0,0,0,0,0
2020-06-10,pommes ,2.5,1300,2400,1700,3000
2020-06-09,pommes ,2.7,1300,2200,1800,3000
2020-06-08,pommes ,3.5,1200,2200,1800,3000
2020-06-05,pommes ,3.5,1000,2500,1700,3000
2020-06-04,pommes ,3.5,1000,2000,1500,3000
2020-06-02,pommes ,2.3,1000,2000,1800,3000
2020-06-01,pommes ,3.1,1000,2000,1800,3000
2020-05-29,pommes ,2.5,2000,3000,2700,4300
2020-05-27,pommes ,1.1,2000,2700,2800,4300
2020-05-22,pommes ,2.8,1700,2800,2500,4000
2020-05-22,maltaise,2.4,1800,2200,2200,2500
2020-05-22,thomson,1.8,2700,3000,3200,3700
2020-05-21,pommes ,1.8,1700,2700,2200,3200
2020-05-21,maltaise,2.4,1500,2000,2000,2500
2020-05-21,thomson,1.1,2400,2800,3000,3500
2020-05-20,pommes ,1.8,1800,2500,2200,3200
2020-05-20,maltaise,1.7,1700,2000,2200,2500
2020-05-20,thomson,22.0,2700,3500,3500,4200
2020-05-19,pommes ,2.2,2000,3600,2600,5000
2020-05-19,maltaise,1.4,1700,2000,2200,2600
2020-05-19,thomson,1.0,2500,3500,3000,4200
2020-05-18,pommes ,1.8,2000,3700,2500,4500
2020-05-18,maltaise,3.4,1800,2000,2200,2500
2020-05-18,thomson,1.2,2500,3200,3400,4200
2020-05-15,pommes ,2.4,2000,4200,2500,5000
2020-05-15,maltaise,1.3,1700,2000,2000,2500
2020-05-15,thomson,0.4,2800,3000,3200,3500
2020-05-14,pommes ,2.8,2000,3800,2500,4800
2020-05-14,maltaise,2.0,1500,2000,2200,2700
2020-05-14,thomson,1.1,2400,2500,2700,3200
2020-05-13,pommes ,2.4,2200,4500,2500,5000
2020-05-13,maltaise,0.9,1800,2000,2200,2500
2020-05-13,thomson,0.4,2500,2700,3000,3200
2020-05-12,pommes ,2.0,2000,3500,2500,4500
2020-05-12,maltaise,1.8,1700,2000,2000,2500
2020-05-12,thomson,0.6,2600,2600,3000,3200
2020-05-11,pommes ,2.2,2000,4000,2500,5000
2020-05-11,maltaise,1.5,1600,2000,2000,2500
2020-05-11,thomson,0.6,2500,2700,3200,3500
2020-05-08,clémentine,0.0,0,0,0,0
2020-05-08,pommes ,2.5,2000,3200,2500,4200
2020-05-08,thomson,0.0,0,0,0,0
2020-05-08,maltaise,2.4,2000,2200,2500,2700
2020-05-07,pommes ,3.4,2000,3500,2500,4500
2020-05-07,maltaise,2.7,2000,2500,2500,2800
2020-05-07,clémentine,0.0,0,0,0,0
2020-05-07,thomson,0.6,2500,2500,3000,3500
2020-05-06,clémentine,0.0,0,0,0,0
2020-05-06,pommes ,1.8,2000,4000,2500,4500
2020-05-06,thomson,0.0,0,0,0,0
2020-05-06,maltaise,2.8,1700,2000,2000,2500
2020-05-05,pommes ,1.5,2000,3500,2500,5000
2020-05-05,maltaise,1.8,1800,2000,2000,2500
2020-05-05,clémentine,0.0,0,0,0,0
2020-05-05,thomson,0.6,2800,3000,3500,3800
2020-05-04,pommes ,1.6,2000,3500,2500,5500
2020-05-04,maltaise,2.0,2000,2400,2500,2600
2020-05-04,clémentine,0.0,0,0,0,0
2020-05-04,thomson,0.4,2800,2800,3500,3500
2018-06-26,thomson,0.0,0,0,0,0
2018-06-26,pommes ,3.1,600,1500,1000,2000
2018-06-26,clémentine,0.0,0,0,0,0
2018-06-26,maltaise,0.0,0,0,0,0
2018-06-25,thomson,0.0,0,0,0,0
2018-06-25,pommes ,1.8,800,1500,1500,2000
2018-06-25,clémentine,0.0,0,0,0,0
2018-06-25,maltaise,0.0,0,0,0,0
2018-06-21,thomson,0.0,0,0,0,0
2018-06-21,pommes ,1.1,1000,1450,1500,2000
2018-06-21,clémentine,0.0,0,0,0,0
2018-06-21,maltaise,0.0,0,0,0,0
2018-06-20,thomson,0.0,0,0,0,0
2018-06-20,pommes ,0.7,500,1000,1200,2000
2018-06-20,clémentine,0.0,0,0,0,0
2018-06-20,maltaise,0.0,0,0,0,0
2018-06-01,clémentine,0.0,0,0,0,0
2018-06-01,pommes ,1.5,1000,1500,1500,2000
2018-06-01,thomson,0.0,0,0,0,0
2018-06-01,maltaise,1.4,1400,1600,2000,2500
2018-05-30,thomson,0.0,0,0,0,0
2018-05-30,pommes ,1.1,1200,1300,1800,2000
2018-05-30,clémentine,0.0,0,0,0,0
2018-05-30,maltaise,0.0,0,0,0,0
2018-05-29,clémentine,0.0,0,0,0,0
2018-05-29,pommes ,0.8,1450,1600,2000,2300
2018-05-29,thomson,0.0,0,0,0,0
2018-05-29,maltaise,0.7,1800,2000,2200,2500
2018-05-28,thomson,0.0,0,0,0,0
2018-05-28,pommes ,0.5,1500,1500,2000,2500
2018-05-28,clémentine,0.0,0,0,0,0
2018-05-28,maltaise,0.0,0,0,0,0
2018-05-25,clémentine,0.0,0,0,0,0
2018-05-25,pommes ,0.0,0,0,0,0
2018-05-25,maltaise,0.5,1800,1800,2300,2300
2018-05-25,thomson,0.0,0,0,0,0
2018-05-21,clémentine,0.0,0,0,0,0
2018-05-21,pommes ,1.2,7000,9000,10000,11500
2018-05-21,thomson,0.0,0,0,0,0
2018-05-21,maltaise,1.0,1000,2000,1500,2500
2018-05-18,clémentine,0.0,0,0,0,0
2018-05-18,pommes ,0.7,6500,7000,8500,10000
2018-05-18,thomson,0.0,0,0,0,0
2018-05-18,maltaise,1.3,1500,2200,2200,2700
2018-05-17,clémentine,0.0,0,0,0,0
2018-05-17,pommes ,0.0,0,0,0,0
2018-05-17,maltaise,0.7,1800,2000,2400,2700
2018-05-17,thomson,0.0,0,0,0,0
2018-05-16,clémentine,0.0,0,0,0,0
2018-05-16,pommes ,0.5,7000,7000,9000,10000
2018-05-16,thomson,0.0,0,0,0,0
2018-05-16,maltaise,0.5,1600,1700,2000,2400
2018-05-15,clémentine,0.0,0,0,0,0
2018-05-15,pommes ,1.0,7000,8000,8000,10000
2018-05-15,thomson,0.0,0,0,0,0
2018-05-15,maltaise,0.8,1800,2000,2200,2500
2018-05-14,thomson,0.0,0,0,0,0
2018-05-14,pommes ,0.8,7000,7000,8500,8500
2018-05-14,clémentine,0.0,0,0,0,0
2018-05-14,maltaise,0.0,0,0,0,0
2018-05-11,thomson,0.0,0,0,0,0
2018-05-11,pommes ,1.1,6000,7000,7000,8000
2018-05-11,clémentine,0.0,0,0,0,0
2018-05-11,maltaise,0.0,0,0,0,0
2018-05-09,maltaise,0.4,1700,2000,2200,2700
2018-05-08,maltaise,2.0,1800,2000,2200,2500
2018-05-04,clémentine,0.0,0,0,0,0
2018-05-04,pommes ,1.7,3000,6600,4500,7500
2018-05-04,thomson,0.0,0,0,0,0
2018-05-04,maltaise,3.8,0,0,0,0
2018-05-03,thomson,0.0,0,0,0,0
2018-05-03,pommes ,1.3,6000,6500,7000,7500
2018-05-03,clémentine,0.0,0,0,0,0
2018-05-03,maltaise,0.0,0,0,0,0
2018-05-02,maltaise,2.7,1000,1800,1500,2500
2018-04-27,pommes ,2.1,2500,5300,3000,6600
2018-04-27,maltaise,3.6,1000,1800,1800,2200
2018-04-27,thomson,2.3,2300,3500,3000,3800
2018-04-25,pommes ,1.0,2200,5500,3000,6500
2018-04-25,maltaise,1.5,1250,1700,1700,2200
2018-04-25,clémentine,0.0,0,0,0,0
2018-04-25,thomson,1.0,2900,3400,3500,3800
2018-04-24,pommes ,1.8,4000,5200,5000,6500
2018-04-24,maltaise,2.0,1100,1800,1700,2200
2018-04-24,clémentine,0.0,0,0,0,0
2018-04-24,thomson,1.5,2800,3250,3200,3800
2018-04-23,pommes ,1.2,2000,5000,2700,6500
2018-04-23,maltaise,3.2,1100,1600,1800,2200
2018-04-23,clémentine,0.0,0,0,0,0
2018-04-23,thomson,1.8,3000,3200,3500,3800
2018-04-20,pommes ,1.0,2500,4800,3000,6000
2018-04-20,maltaise,2.0,1100,1400,1500,1800
2018-04-20,clémentine,0.0,0,0,0,0
2018-04-20,thomson,3.0,2600,3500,3200,4200
2018-04-18,pommes ,0.7,2000,4600,3000,6000
2018-04-18,maltaise,1.0,1000,1140,1400,1750
2018-04-18,clémentine,0.0,0,0,0,0
2018-04-18,thomson,2.0,1800,2600,2000,3100
2018-04-17,pommes ,2.3,2000,4800,2500,5500
2018-04-17,maltaise,4.2,1400,1700,1800,2200
2018-04-17,thomson,2.5,2200,2800,2500,3400
2018-04-13,pommes ,1.7,3600,4100,4300,5000
2018-04-13,maltaise,2.0,1150,1600,1500,2000
2018-04-13,clémentine,0.0,0,0,0,0
2018-04-13,thomson,3.0,1900,2600,2400,3100
2018-04-12,pommes ,0.8,3330,4100,4000,4800
2018-04-12,maltaise,1.3,900,1600,1500,2000
2018-04-12,clémentine,0.0,0,0,0,0
2018-04-12,thomson,1.5,1850,2600,2300,3000
2018-04-10,pommes ,1.0,3500,4800,4000,5500
2018-04-10,maltaise,2.4,1200,1800,1500,2200
2018-04-10,clémentine,0.0,0,0,0,0
2018-04-10,thomson,2.2,2200,2800,2500,3300
2018-04-06,pommes ,1.5,3300,4800,3800,6000
2018-04-06,maltaise,4.0,1000,1300,1500,2000
2018-04-06,clémentine,0.0,0,0,0,0
2018-04-06,thomson,3.3,2300,3000,2700,3200
2018-04-05,pommes ,1.0,3000,4700,3800,6000
2018-04-05,maltaise,3.0,1000,1800,1500,2200
2018-04-05,clémentine,0.0,0,0,0,0
2018-04-05,thomson,2.0,2200,2600,2500,3100
2018-04-04,pommes ,2.2,2000,4500,2700,5700
2018-04-04,maltaise,3.4,1300,1500,1600,2200
2018-04-04,clémentine,0.0,0,0,0,0
2018-04-04,thomson,2.1,2000,2500,2500,3000
2018-04-03,pommes ,2.5,2600,4500,3100,5800
2018-04-03,maltaise,2.4,1000,1800,1600,2200
2018-04-03,clémentine,0.0,0,0,0,0
2018-04-03,thomson,2.5,1200,2500,2000,3200
2018-04-02,pommes ,5.3,2500,4500,3000,5800
2018-04-02,maltaise,5.5,1200,1800,1600,2200
2018-04-02,clémentine,0.0,0,0,0,0
2018-04-02,thomson,4.6,1400,2300,2000,3000
2018-03-30,pommes ,2.4,3500,4800,4200,5800
2018-03-30,maltaise,3.0,1400,2000,1800,2400
2018-03-30,clémentine,0.0,0,0,0,0
2018-03-30,thomson,2.0,2300,2700,2900,3200
2018-03-29,pommes ,1.3,4000,4800,4800,5800
2018-03-29,maltaise,2.5,1400,2000,2000,2400
2018-03-29,clémentine,0.0,0,0,0,0
2018-03-29,thomson,1.5,2500,2700,2900,3200
2018-03-28,pommes ,0.9,1500,4500,2000,5500
2018-03-28,maltaise,2.5,800,1600,1200,2000
2018-03-28,clémentine,0.0,0,0,0,0
2018-03-28,thomson,2.0,2000,2500,2500,3000
2018-03-27,pommes ,1.3,2000,5000,2500,6000
2018-03-27,maltaise,1.5,1000,1500,1300,2000
2018-03-27,clémentine,0.0,0,0,0,0
2018-03-27,thomson,1.5,2000,2500,2300,2900
2018-03-26,pommes ,3.7,1500,5000,2000,6000
2018-03-26,maltaise,3.5,800,1500,1200,2000
2018-03-26,clémentine,0.0,0,0,0,0
2018-03-26,thomson,3.8,1800,2500,2300,2900
2018-03-25,pommes ,3.7,1500,5000,2000,6000
2018-03-25,maltaise,3.5,800,1500,1200,2000
2018-03-25,clémentine,0.0,0,0,0,0
2018-03-25,thomson,3.8,1800,2500,2300,2900
2018-03-23,pommes ,2.7,1200,5000,1600,5500
2018-03-23,clémentine,1.0,2500,3500,3000,3800
2018-03-23,maltaise,4.5,700,1500,1000,1800
2018-03-23,thomson,3.8,1200,2500,1500,2900
2018-03-22,pommes ,2.1,1500,5000,2200,5500
2018-03-22,clémentine,0.7,2000,3500,2500,3800
2018-03-22,maltaise,4.2,1000,1500,1200,1800
2018-03-22,thomson,3.2,1000,2500,1600,2900
2018-03-21,pommes ,1.5,1300,4700,2000,5500
2018-03-21,clémentine,1.0,2500,3500,3000,3800
2018-03-21,maltaise,2.9,800,1400,1000,1800
2018-03-21,thomson,3.5,1100,2600,1500,2850
2018-03-19,pommes ,2.8,1500,5000,2500,5500
2018-03-19,maltaise,4.1,1000,1500,1500,2000
2018-03-19,thomson,3.3,1000,2500,1500,2900
2018-03-16,pommes ,3.1,1800,3800,2500,5500
2018-03-16,maltaise,4.5,1000,1500,1500,1800
2018-03-16,thomson,3.9,1200,1800,1800,2700
2018-03-15,pommes ,2.1,3000,4000,4000,5000
2018-03-15,maltaise,3.2,1000,1500,1500,2000
2018-03-15,thomson,3.6,1800,2000,2200,2600
2018-03-14,pommes ,1.4,2200,3800,2600,4800
2018-03-14,clémentine,0.3,2500,3000,3200,3500
2018-03-14,maltaise,3.7,500,1600,1000,2000
2018-03-14,thomson,22.0,1400,2400,1800,2900
2018-03-13,pommes ,1.4,2200,3400,2500,4800
2018-03-13,maltaise,2.9,600,1600,1000,2000
2018-03-13,thomson,3.1,1500,2200,1800,2700
2018-03-12,pommes ,2.3,2000,3800,2600,4500
2018-03-12,clémentine,1.1,1800,2700,3500,3800
2018-03-12,maltaise,3.8,500,1600,1000,2000
2018-03-12,thomson,3.4,1200,2200,1600,2700
2018-03-09,pommes ,1.8,2500,4300,3500,4800
2018-03-09,clémentine,0.9,3000,3600,3500,4000
2018-03-09,maltaise,4.1,800,1600,1200,2000
2018-03-09,thomson,2.9,2000,2700,2400,3000
2018-03-08,pommes ,1.0,2500,4500,3500,5500
2018-03-08,clémentine,1.0,3000,3800,3500,4200
2018-03-08,maltaise,1.5,700,1500,1200,2000
2018-03-08,thomson,2.5,1650,2400,2500,2800
2018-03-07,pommes ,1.5,2500,4500,3500,5500
2018-03-07,clémentine,1.2,3000,3600,3500,4200
2018-03-07,maltaise,2.5,800,1600,1200,2000
2018-03-07,thomson,1.2,2000,2300,2500,2800
2018-03-06,pommes ,0.6,1800,5000,2500,6000
2018-03-06,clémentine,1.0,3000,3200,3500,3800
2018-03-06,maltaise,1.5,600,1600,800,2000
2018-03-06,thomson,0.9,1500,2500,2000,2900
2018-03-05,pommes ,2.1,1500,5000,2500,6000
2018-03-05,maltaise,3.8,600,1600,1000,2000
2018-03-05,clémentine,0.0,0,0,0,0
2018-03-05,thomson,2.8,1500,2500,1800,2900
2018-03-02,pommes ,2.0,1800,3500,2500,4800
2018-03-02,clémentine,3.5,1700,2700,2000,3200
2018-03-02,maltaise,4.5,700,950,1000,1500
2018-03-02,thomson,3.8,1100,1500,1500,2000
2018-03-01,pommes ,2.2,2000,3800,2700,5500
2018-03-01,maltaise,4.3,700,1600,1200,1800
2018-03-01,thomson,2.8,1200,2500,2000,3000
2018-02-28,pommes ,2.5,2000,3700,3200,5500
2018-02-28,maltaise,3.3,700,1500,1200,1800
2018-02-28,thomson,2.4,1200,2400,1800,2900
2018-02-27,pommes ,1.7,1800,4200,3000,5500
2018-02-27,clémentine,1.1,2700,3100,3200,3700
2018-02-27,maltaise,4.3,800,1600,1100,2000
2018-02-27,thomson,2.9,1000,2200,1500,2800
2018-02-26,pommes ,3.6,1000,5000,2000,5500
2018-02-26,clémentine,1.8,2700,3000,3000,3500
2018-02-26,maltaise,3.8,700,1500,1000,1800
2018-02-26,thomson,41.0,500,2500,1200,2900
2018-02-23,pommes ,1.9,2400,4000,3000,5500
2018-02-23,clémentine,0.8,3000,3000,3300,3500
2018-02-23,maltaise,4.3,800,1000,1000,1300
2018-02-23,thomson,37.0,1500,2000,2000,2900
2018-02-22,pommes ,2.1,2500,3700,3500,5000
2018-02-22,maltaise,3.6,400,800,800,1400
2018-02-22,thomson,3.2,1400,2000,1800,2800
2018-02-21,pommes ,1.9,2500,3800,3500,4800
2018-02-21,maltaise,3.5,500,800,800,1500
2018-02-21,thomson,2.9,1200,2000,1800,2800
2018-02-20,pommes ,2.6,2000,3500,700,4500
2018-02-20,maltaise,4.2,500,600,800,1200
2018-02-20,thomson,2.8,1200,1800,1600,2800
2018-02-19,pommes ,1.7,3000,4000,3500,5000
2018-02-19,maltaise,3.5,1000,1300,1000,1700
2018-02-19,thomson,3.2,1500,2000,2000,2900
2018-02-16,pommes ,1.4,2000,5000,2500,6500
2018-02-16,clémentine,3.3,3000,3500,3500,3800
2018-02-16,maltaise,4.0,1000,1200,1300,1600
2018-02-16,thomson,3.0,1600,1700,2000,2200
2018-02-15,pommes ,1.5,1400,3500,2200,4800
2018-02-15,clémentine,2.5,2000,2800,2700,3800
2018-02-15,maltaise,37.0,500,1500,800,1800
2018-02-15,thomson,3.3,1600,2250,1800,2700
2018-02-09,pommes ,3.4,2000,4000,2400,5000
2018-02-09,clémentine,3.7,1800,3000,2500,4000
2018-02-09,maltaise,4.5,1100,1200,1300,1600
2018-02-09,thomson,3.5,1600,2300,2000,2800
2018-02-08,pommes ,2.8,1900,3100,2500,3800
2018-02-08,clémentine,3.0,2000,3000,3000,3600
2018-02-08,maltaise,3.5,1000,1200,1300,1500
2018-02-08,thomson,2.0,1200,2300,1800,2700
2018-02-07,pommes ,2.8,2600,3000,3000,3750
2018-02-07,clémentine,3.1,2000,2850,2500,3800
2018-02-07,maltaise,3.6,900,1400,1200,1800
2018-02-07,thomson,2.0,1600,2200,2000,2400
2018-02-06,pommes ,2.0,2000,3000,3000,3800
2018-02-06,clémentine,2.0,2200,3200,2800,3800
2018-02-06,maltaise,2.6,1000,1300,1400,1600
2018-02-06,thomson,2.3,1500,2200,2000,3000
2018-02-05,pommes ,2.5,2500,3300,3000,4500
2018-02-05,clémentine,2.7,2200,3000,2800,3600
2018-02-05,maltaise,4.5,1000,1300,1500,1600
2018-02-05,thomson,3.2,1700,2200,2000,3000
2018-02-02,pommes ,2.9,2500,4600,3000,5000
2018-02-02,clémentine,3.8,2500,2700,2600,3500
2018-02-02,maltaise,2.9,1000,1200,1300,1500
2018-02-02,thomson,3.5,1400,1800,2000,2700
2018-02-01,pommes ,1.3,2000,4500,2500,5000
2018-02-01,clémentine,1.2,1800,3500,2200,3800
2018-02-01,maltaise,1.5,650,800,1000,1200
2018-02-01,thomson,1.0,1600,2000,2000,2500
2018-01-31,pommes ,2.5,1700,4000,2200,4800
2018-01-31,clémentine,2.9,2000,3330,2500,3800
2018-01-31,maltaise,2.4,700,800,1000,1300
2018-01-31,thomson,2.2,1500,2000,2000,2500
2018-01-30,pommes ,2.7,2500,3700,3000,4900
2018-01-30,clémentine,1.7,2500,3300,3000,3800
2018-01-30,maltaise,3.6,800,1200,1000,1500
2018-01-30,thomson,2.3,1300,1800,1700,2400
2018-01-29,pommes ,3.8,2500,4000,3000,4800
2018-01-29,clémentine,2.5,3000,3300,3500,3900
2018-01-29,maltaise,3.7,1000,1250,1250,1500
2018-01-29,thomson,1.8,1300,1850,1500,2500
2018-01-26,pommes ,2.8,2000,3500,3000,4500
2018-01-26,clémentine,2.1,2000,2500,2700,3200
2018-01-26,maltaise,3.5,800,1000,1000,1500
2018-01-26,thomson,3.8,1000,2000,1600,2200
2018-01-24,pommes ,2.5,1500,3500,2200,4500
2018-01-24,clémentine,1.9,2000,2500,2500,3400
2018-01-24,maltaise,3.5,680,1000,1000,1500
2018-01-24,thomson,2.7,1000,2000,1500,2800
